INSERT INTO brand (id, created_at, created_by, updated_at, updated_by, description, name, user_id) VALUES (nextval('brand_seq'), '2021-02-04 21:09:15.000000', 1, '2021-02-04 21:09:20.000000', 1, 'Brand 1', 'Adidas', 1);
INSERT INTO brand (id, created_at, created_by, updated_at, updated_by, description, name, user_id) VALUES (nextval('brand_seq'), '2021-02-04 21:09:15.000000', 1, '2021-02-04 21:09:20.000000', 1, 'Brand 2', 'Nike', 1);
INSERT INTO brand (id, created_at, created_by, updated_at, updated_by, description, name, user_id) VALUES (nextval('brand_seq'), '2021-02-04 21:09:15.000000', 1, '2021-02-04 21:09:20.000000', 1, 'Brand 3', 'Puma', 1);
INSERT INTO brand (id, created_at, created_by, updated_at, updated_by, description, name, user_id) VALUES (nextval('brand_seq'), '2021-02-04 21:09:15.000000', 1, '2021-02-04 21:09:20.000000', 1, 'Brand 4', 'Bitis', 1);


INSERT INTO product (id, created_at, created_by, updated_at, updated_by, deleted_at, description, location_id, name, price, price_sale, published_date, store_id, brand_id, category_id, status) VALUES (nextval('product_seq'), '2021-02-04 21:06:37.000000', 1, '2021-02-04 21:06:42.000000', 1, null, 'Lorem Ipsum is simply dummy text of the printing and typesetting industry. Lorem Ipsum has been the industry''s standard dummy text ever since the 1500s, when an unknown printer took a galley of type and scrambled it to make a type specimen book.', '1', 'Lorem ipsum dolor sit amet, consectetur adipiscing elit 1', 249000, 199000, '2021-02-04 21:07:10.000000', 1, 1, 1, 100);
INSERT INTO product (id, created_at, created_by, updated_at, updated_by, deleted_at, description, location_id, name, price, price_sale, published_date, store_id, brand_id, category_id, status) VALUES (nextval('product_seq'), '2021-02-04 21:06:37.000000', 1, '2021-02-04 21:06:42.000000', 1, null, 'Lorem Ipsum is simply dummy text of the printing and typesetting industry. Lorem Ipsum has been the industry''s standard dummy text ever since the 1500s, when an unknown printer took a galley of type and scrambled it to make a type specimen book.', '1', 'Lorem ipsum dolor 2', 149000, 99000, '2021-02-04 21:07:10.000000', 2, 1, 1, 100);
INSERT INTO product (id, created_at, created_by, updated_at, updated_by, deleted_at, description, location_id, name, price, price_sale, published_date, store_id, brand_id, category_id, status) VALUES (nextval('product_seq'), '2021-02-04 21:06:37.000000', 1, '2021-02-04 21:06:42.000000', 1, null, 'Lorem Ipsum is simply dummy text of the printing and typesetting industry. Lorem Ipsum has been the industry''s standard dummy text ever since the 1500s, when an unknown printer took a galley of type and scrambled it to make a type specimen book.', '1', 'Quisque elementum turpis vel metus laoreet, ac consequat mi mattis ipsum dolor 3', 1149000, 799000, '2021-02-04 21:07:10.000000', 3, 1, 1, 100);
INSERT INTO product (id, created_at, created_by, updated_at, updated_by, deleted_at, description, location_id, name, price, price_sale, published_date, store_id, brand_id, category_id, status) VALUES (nextval('product_seq'), '2021-02-04 21:06:37.000000', 1, '2021-02-04 21:06:42.000000', 1, null, 'Lorem Ipsum is simply dummy text of the printing and typesetting industry. Lorem Ipsum has been the industry''s standard dummy text ever since the 1500s, when an unknown printer took a galley of type and scrambled it to make a type specimen book.', '1', 'Lorem ipsum dolor 4', 11559000, 7599000, '2021-02-04 21:07:10.000000', 4, 1, 1, 100);
INSERT INTO product (id, created_at, created_by, updated_at, updated_by, deleted_at, description, location_id, name, price, price_sale, published_date, store_id, brand_id, category_id, status) VALUES (nextval('product_seq'), '2021-02-04 21:06:37.000000', 1, '2021-02-04 21:06:42.000000', 1, null, 'Lorem Ipsum is simply dummy text of the printing and typesetting industry. Lorem Ipsum has been the industry''s standard dummy text ever since the 1500s, when an unknown printer took a galley of type and scrambled it to make a type specimen book.', '1', 'Lorem ipsum dolor sit amet 5', 559000, 509000, '2021-02-04 21:07:10.000000', 5, 1, 1, 100);
INSERT INTO product (id, created_at, created_by, updated_at, updated_by, deleted_at, description, location_id, name, price, price_sale, published_date, store_id, brand_id, category_id, status) VALUES (nextval('product_seq'), '2021-02-04 21:06:37.000000', 1, '2021-02-04 21:06:42.000000', 1, null, 'Lorem Ipsum is simply dummy text of the printing and typesetting industry. Lorem Ipsum has been the industry''s standard dummy text ever since the 1500s, when an unknown printer took a galley of type and scrambled it to make a type specimen book.', '1', 'Pellentesque vitae libero sed lacus lobortis eleifend vel sagittis ligula 6', 249000, 199000, '2021-02-04 21:07:10.000000', 6, 1, 1, 100);
INSERT INTO product (id, created_at, created_by, updated_at, updated_by, deleted_at, description, location_id, name, price, price_sale, published_date, store_id, brand_id, category_id, status) VALUES (nextval('product_seq'), '2021-02-04 21:06:37.000000', 1, '2021-02-04 21:06:42.000000', 1, null, 'Lorem Ipsum is simply dummy text of the printing and typesetting industry. Lorem Ipsum has been the industry''s standard dummy text ever since the 1500s, when an unknown printer took a galley of type and scrambled it to make a type specimen book.', '1', 'Pellentesque vitae libero sed lacus 7', 149000, 99000, '2021-02-04 21:07:10.000000', 7, 1, 1, 100);
INSERT INTO product (id, created_at, created_by, updated_at, updated_by, deleted_at, description, location_id, name, price, price_sale, published_date, store_id, brand_id, category_id, status) VALUES (nextval('product_seq'), '2021-02-04 21:06:37.000000', 1, '2021-02-04 21:06:42.000000', 1, null, 'Lorem Ipsum is simply dummy text of the printing and typesetting industry. Lorem Ipsum has been the industry''s standard dummy text ever since the 1500s, when an unknown printer took a galley of type and scrambled it to make a type specimen book.', '1', 'Aenean at magna congue, semper nulla nec, hendrerit sem 8', 1149000, 799000, '2021-02-04 21:07:10.000000', 8, 1, 1, 100);
INSERT INTO product (id, created_at, created_by, updated_at, updated_by, deleted_at, description, location_id, name, price, price_sale, published_date, store_id, brand_id, category_id, status) VALUES (nextval('product_seq'), '2021-02-04 21:06:37.000000', 1, '2021-02-04 21:06:42.000000', 1, null, 'Lorem Ipsum is simply dummy text of the printing and typesetting industry. Lorem Ipsum has been the industry''s standard dummy text ever since the 1500s, when an unknown printer took a galley of type and scrambled it to make a type specimen book.', '1', 'Product 9', 11559000, 7599000, '2021-02-04 21:07:10.000000', 9, 1, 1, 100);
INSERT INTO product (id, created_at, created_by, updated_at, updated_by, deleted_at, description, location_id, name, price, price_sale, published_date, store_id, brand_id, category_id, status) VALUES (nextval('product_seq'), '2021-02-04 21:06:37.000000', 1, '2021-02-04 21:06:42.000000', 1, null, 'Lorem Ipsum is simply dummy text of the printing and typesetting industry. Lorem Ipsum has been the industry''s standard dummy text ever since the 1500s, when an unknown printer took a galley of type and scrambled it to make a type specimen book.', '1', 'Product 10', 559000, 509000, '2021-02-04 21:07:10.000000', 10, 1, 1, 100);

INSERT INTO product (id, created_at, created_by, updated_at, updated_by, deleted_at, description, location_id, name, price, price_sale, published_date, store_id, brand_id, category_id, status) VALUES (nextval('product_seq'), '2021-02-04 21:06:37.000000', 1, '2021-02-04 21:06:42.000000', 1, null, 'Lorem Ipsum is simply dummy text of the printing and typesetting industry. Lorem Ipsum has been the industry''s standard dummy text ever since the 1500s, when an unknown printer took a galley of type and scrambled it to make a type specimen book.', '1', 'Product 11', 249000, 199000, '2021-02-04 21:07:10.000000', 1, 1, 1, 100);
INSERT INTO product (id, created_at, created_by, updated_at, updated_by, deleted_at, description, location_id, name, price, price_sale, published_date, store_id, brand_id, category_id, status) VALUES (nextval('product_seq'), '2021-02-04 21:06:37.000000', 1, '2021-02-04 21:06:42.000000', 1, null, 'Lorem Ipsum is simply dummy text of the printing and typesetting industry. Lorem Ipsum has been the industry''s standard dummy text ever since the 1500s, when an unknown printer took a galley of type and scrambled it to make a type specimen book.', '1', 'Aenean at magna congue, semper nulla nec, hendrerit sem 12', 149000, 99000, '2021-02-04 21:07:10.000000', 2, 1, 1, 100);
INSERT INTO product (id, created_at, created_by, updated_at, updated_by, deleted_at, description, location_id, name, price, price_sale, published_date, store_id, brand_id, category_id, status) VALUES (nextval('product_seq'), '2021-02-04 21:06:37.000000', 1, '2021-02-04 21:06:42.000000', 1, null, 'Lorem Ipsum is simply dummy text of the printing and typesetting industry. Lorem Ipsum has been the industry''s standard dummy text ever since the 1500s, when an unknown printer took a galley of type and scrambled it to make a type specimen book.', '1', 'Product 13', 1149000, 799000, '2021-02-04 21:07:10.000000', 3, 1, 1, 100);
INSERT INTO product (id, created_at, created_by, updated_at, updated_by, deleted_at, description, location_id, name, price, price_sale, published_date, store_id, brand_id, category_id, status) VALUES (nextval('product_seq'), '2021-02-04 21:06:37.000000', 1, '2021-02-04 21:06:42.000000', 1, null, 'Lorem Ipsum is simply dummy text of the printing and typesetting industry. Lorem Ipsum has been the industry''s standard dummy text ever since the 1500s, when an unknown printer took a galley of type and scrambled it to make a type specimen book.', '1', 'Product 14', 11559000, 7599000, '2021-02-04 21:07:10.000000', 4, 1, 1, 100);
INSERT INTO product (id, created_at, created_by, updated_at, updated_by, deleted_at, description, location_id, name, price, price_sale, published_date, store_id, brand_id, category_id, status) VALUES (nextval('product_seq'), '2021-02-04 21:06:37.000000', 1, '2021-02-04 21:06:42.000000', 1, null, 'Lorem Ipsum is simply dummy text of the printing and typesetting industry. Lorem Ipsum has been the industry''s standard dummy text ever since the 1500s, when an unknown printer took a galley of type and scrambled it to make a type specimen book.', '1', 'Product 15', 559000, 509000, '2021-02-04 21:07:10.000000', 5, 1, 1, 100);
INSERT INTO product (id, created_at, created_by, updated_at, updated_by, deleted_at, description, location_id, name, price, price_sale, published_date, store_id, brand_id, category_id, status) VALUES (nextval('product_seq'), '2021-02-04 21:06:37.000000', 1, '2021-02-04 21:06:42.000000', 1, null, 'Lorem Ipsum is simply dummy text of the printing and typesetting industry. Lorem Ipsum has been the industry''s standard dummy text ever since the 1500s, when an unknown printer took a galley of type and scrambled it to make a type specimen book.', '1', 'Aenean at magna congue, semper nulla nec, hendrerit sem 16', 249000, 199000, '2021-02-04 21:07:10.000000', 6, 1, 1, 100);
INSERT INTO product (id, created_at, created_by, updated_at, updated_by, deleted_at, description, location_id, name, price, price_sale, published_date, store_id, brand_id, category_id, status) VALUES (nextval('product_seq'), '2021-02-04 21:06:37.000000', 1, '2021-02-04 21:06:42.000000', 1, null, 'Lorem Ipsum is simply dummy text of the printing and typesetting industry. Lorem Ipsum has been the industry''s standard dummy text ever since the 1500s, when an unknown printer took a galley of type and scrambled it to make a type specimen book.', '1', 'Product 17', 149000, 99000, '2021-02-04 21:07:10.000000', 7, 1, 1, 100);
INSERT INTO product (id, created_at, created_by, updated_at, updated_by, deleted_at, description, location_id, name, price, price_sale, published_date, store_id, brand_id, category_id, status) VALUES (nextval('product_seq'), '2021-02-04 21:06:37.000000', 1, '2021-02-04 21:06:42.000000', 1, null, 'Lorem Ipsum is simply dummy text of the printing and typesetting industry. Lorem Ipsum has been the industry''s standard dummy text ever since the 1500s, when an unknown printer took a galley of type and scrambled it to make a type specimen book.', '1', 'Product 18', 1149000, 799000, '2021-02-04 21:07:10.000000', 8, 1, 1, 100);
INSERT INTO product (id, created_at, created_by, updated_at, updated_by, deleted_at, description, location_id, name, price, price_sale, published_date, store_id, brand_id, category_id, status) VALUES (nextval('product_seq'), '2021-02-04 21:06:37.000000', 1, '2021-02-04 21:06:42.000000', 1, null, 'Lorem Ipsum is simply dummy text of the printing and typesetting industry. Lorem Ipsum has been the industry''s standard dummy text ever since the 1500s, when an unknown printer took a galley of type and scrambled it to make a type specimen book.', '1', 'Product 19', 11559000, 7599000, '2021-02-04 21:07:10.000000', 9, 1, 1, 100);
INSERT INTO product (id, created_at, created_by, updated_at, updated_by, deleted_at, description, location_id, name, price, price_sale, published_date, store_id, brand_id, category_id, status) VALUES (nextval('product_seq'), '2021-02-04 21:06:37.000000', 1, '2021-02-04 21:06:42.000000', 1, null, 'Lorem Ipsum is simply dummy text of the printing and typesetting industry. Lorem Ipsum has been the industry''s standard dummy text ever since the 1500s, when an unknown printer took a galley of type and scrambled it to make a type specimen book.', '1', 'Product 20', 559000, 509000, '2021-02-04 21:07:10.000000', 10, 1, 1, 100);

INSERT INTO product (id, created_at, created_by, updated_at, updated_by, deleted_at, description, location_id, name, price, price_sale, published_date, store_id, brand_id, category_id, status) VALUES (nextval('product_seq'), '2021-02-04 21:06:37.000000', 1, '2021-02-04 21:06:42.000000', 1, null, 'Lorem Ipsum is simply dummy text of the printing and typesetting industry. Lorem Ipsum has been the industry''s standard dummy text ever since the 1500s, when an unknown printer took a galley of type and scrambled it to make a type specimen book.', '1', 'Product 1', 249000, 199000, '2021-02-04 21:07:10.000000', 1, 1, 1, 100);
INSERT INTO product (id, created_at, created_by, updated_at, updated_by, deleted_at, description, location_id, name, price, price_sale, published_date, store_id, brand_id, category_id, status) VALUES (nextval('product_seq'), '2021-02-04 21:06:37.000000', 1, '2021-02-04 21:06:42.000000', 1, null, 'Lorem Ipsum is simply dummy text of the printing and typesetting industry. Lorem Ipsum has been the industry''s standard dummy text ever since the 1500s, when an unknown printer took a galley of type and scrambled it to make a type specimen book.', '1', 'Product 2', 149000, 99000, '2021-02-04 21:07:10.000000', 2, 1, 1, 100);
INSERT INTO product (id, created_at, created_by, updated_at, updated_by, deleted_at, description, location_id, name, price, price_sale, published_date, store_id, brand_id, category_id, status) VALUES (nextval('product_seq'), '2021-02-04 21:06:37.000000', 1, '2021-02-04 21:06:42.000000', 1, null, 'Lorem Ipsum is simply dummy text of the printing and typesetting industry. Lorem Ipsum has been the industry''s standard dummy text ever since the 1500s, when an unknown printer took a galley of type and scrambled it to make a type specimen book.', '1', 'Product 3', 1149000, 799000, '2021-02-04 21:07:10.000000', 3, 1, 1, 100);
INSERT INTO product (id, created_at, created_by, updated_at, updated_by, deleted_at, description, location_id, name, price, price_sale, published_date, store_id, brand_id, category_id, status) VALUES (nextval('product_seq'), '2021-02-04 21:06:37.000000', 1, '2021-02-04 21:06:42.000000', 1, null, 'Lorem Ipsum is simply dummy text of the printing and typesetting industry. Lorem Ipsum has been the industry''s standard dummy text ever since the 1500s, when an unknown printer took a galley of type and scrambled it to make a type specimen book.', '1', 'Product 4', 11559000, 7599000, '2021-02-04 21:07:10.000000', 4, 1, 1, 100);
INSERT INTO product (id, created_at, created_by, updated_at, updated_by, deleted_at, description, location_id, name, price, price_sale, published_date, store_id, brand_id, category_id, status) VALUES (nextval('product_seq'), '2021-02-04 21:06:37.000000', 1, '2021-02-04 21:06:42.000000', 1, null, 'Lorem Ipsum is simply dummy text of the printing and typesetting industry. Lorem Ipsum has been the industry''s standard dummy text ever since the 1500s, when an unknown printer took a galley of type and scrambled it to make a type specimen book.', '1', 'Product 5', 559000, 509000, '2021-02-04 21:07:10.000000', 5, 1, 1, 100);
INSERT INTO product (id, created_at, created_by, updated_at, updated_by, deleted_at, description, location_id, name, price, price_sale, published_date, store_id, brand_id, category_id, status) VALUES (nextval('product_seq'), '2021-02-04 21:06:37.000000', 1, '2021-02-04 21:06:42.000000', 1, null, 'Lorem Ipsum is simply dummy text of the printing and typesetting industry. Lorem Ipsum has been the industry''s standard dummy text ever since the 1500s, when an unknown printer took a galley of type and scrambled it to make a type specimen book.', '1', 'Product 6', 249000, 199000, '2021-02-04 21:07:10.000000', 6, 1, 1, 100);
INSERT INTO product (id, created_at, created_by, updated_at, updated_by, deleted_at, description, location_id, name, price, price_sale, published_date, store_id, brand_id, category_id, status) VALUES (nextval('product_seq'), '2021-02-04 21:06:37.000000', 1, '2021-02-04 21:06:42.000000', 1, null, 'Lorem Ipsum is simply dummy text of the printing and typesetting industry. Lorem Ipsum has been the industry''s standard dummy text ever since the 1500s, when an unknown printer took a galley of type and scrambled it to make a type specimen book.', '1', 'Product 7', 149000, 99000, '2021-02-04 21:07:10.000000', 7, 1, 1, 100);
INSERT INTO product (id, created_at, created_by, updated_at, updated_by, deleted_at, description, location_id, name, price, price_sale, published_date, store_id, brand_id, category_id, status) VALUES (nextval('product_seq'), '2021-02-04 21:06:37.000000', 1, '2021-02-04 21:06:42.000000', 1, null, 'Lorem Ipsum is simply dummy text of the printing and typesetting industry. Lorem Ipsum has been the industry''s standard dummy text ever since the 1500s, when an unknown printer took a galley of type and scrambled it to make a type specimen book.', '1', 'Aliquam vitae purus pharetra massa porttitor rutrum eu et elit 8', 1149000, 799000, '2021-02-04 21:07:10.000000', 8, 1, 1, 100);
INSERT INTO product (id, created_at, created_by, updated_at, updated_by, deleted_at, description, location_id, name, price, price_sale, published_date, store_id, brand_id, category_id, status) VALUES (nextval('product_seq'), '2021-02-04 21:06:37.000000', 1, '2021-02-04 21:06:42.000000', 1, null, 'Lorem Ipsum is simply dummy text of the printing and typesetting industry. Lorem Ipsum has been the industry''s standard dummy text ever since the 1500s, when an unknown printer took a galley of type and scrambled it to make a type specimen book.', '1', 'Product 9', 11559000, 7599000, '2021-02-04 21:07:10.000000', 9, 1, 1, 100);
INSERT INTO product (id, created_at, created_by, updated_at, updated_by, deleted_at, description, location_id, name, price, price_sale, published_date, store_id, brand_id, category_id, status) VALUES (nextval('product_seq'), '2021-02-04 21:06:37.000000', 1, '2021-02-04 21:06:42.000000', 1, null, 'Lorem Ipsum is simply dummy text of the printing and typesetting industry. Lorem Ipsum has been the industry''s standard dummy text ever since the 1500s, when an unknown printer took a galley of type and scrambled it to make a type specimen book.', '1', 'Product 10', 559000, 509000, '2021-02-04 21:07:10.000000', 10, 1, 1, 100);


INSERT INTO product (id, created_at, created_by, updated_at, updated_by, deleted_at, description, location_id, name, price, price_sale, published_date, store_id, brand_id, category_id, status) VALUES (nextval('product_seq'), '2021-02-04 21:06:37.000000', 1, '2021-02-04 21:06:42.000000', 1, null, 'Lorem Ipsum is simply dummy text of the printing and typesetting industry. Lorem Ipsum has been the industry''s standard dummy text ever since the 1500s, when an unknown printer took a galley of type and scrambled it to make a type specimen book.', '1', 'Product 1', 249000, 199000, '2021-02-04 21:07:10.000000', 1, 1, 1, 100);
INSERT INTO product (id, created_at, created_by, updated_at, updated_by, deleted_at, description, location_id, name, price, price_sale, published_date, store_id, brand_id, category_id, status) VALUES (nextval('product_seq'), '2021-02-04 21:06:37.000000', 1, '2021-02-04 21:06:42.000000', 1, null, 'Lorem Ipsum is simply dummy text of the printing and typesetting industry. Lorem Ipsum has been the industry''s standard dummy text ever since the 1500s, when an unknown printer took a galley of type and scrambled it to make a type specimen book.', '1', 'Product 2', 149000, 99000, '2021-02-04 21:07:10.000000', 2, 1, 1, 100);
INSERT INTO product (id, created_at, created_by, updated_at, updated_by, deleted_at, description, location_id, name, price, price_sale, published_date, store_id, brand_id, category_id, status) VALUES (nextval('product_seq'), '2021-02-04 21:06:37.000000', 1, '2021-02-04 21:06:42.000000', 1, null, 'Lorem Ipsum is simply dummy text of the printing and typesetting industry. Lorem Ipsum has been the industry''s standard dummy text ever since the 1500s, when an unknown printer took a galley of type and scrambled it to make a type specimen book.', '1', 'Product 3', 1149000, 799000, '2021-02-04 21:07:10.000000', 3, 1, 1, 100);
INSERT INTO product (id, created_at, created_by, updated_at, updated_by, deleted_at, description, location_id, name, price, price_sale, published_date, store_id, brand_id, category_id, status) VALUES (nextval('product_seq'), '2021-02-04 21:06:37.000000', 1, '2021-02-04 21:06:42.000000', 1, null, 'Lorem Ipsum is simply dummy text of the printing and typesetting industry. Lorem Ipsum has been the industry''s standard dummy text ever since the 1500s, when an unknown printer took a galley of type and scrambled it to make a type specimen book.', '1', 'Product 4', 11559000, 7599000, '2021-02-04 21:07:10.000000', 4, 1, 1, 100);
INSERT INTO product (id, created_at, created_by, updated_at, updated_by, deleted_at, description, location_id, name, price, price_sale, published_date, store_id, brand_id, category_id, status) VALUES (nextval('product_seq'), '2021-02-04 21:06:37.000000', 1, '2021-02-04 21:06:42.000000', 1, null, 'Lorem Ipsum is simply dummy text of the printing and typesetting industry. Lorem Ipsum has been the industry''s standard dummy text ever since the 1500s, when an unknown printer took a galley of type and scrambled it to make a type specimen book.', '1', 'Product 5', 559000, 509000, '2021-02-04 21:07:10.000000', 5, 1, 1, 100);
INSERT INTO product (id, created_at, created_by, updated_at, updated_by, deleted_at, description, location_id, name, price, price_sale, published_date, store_id, brand_id, category_id, status) VALUES (nextval('product_seq'), '2021-02-04 21:06:37.000000', 1, '2021-02-04 21:06:42.000000', 1, null, 'Lorem Ipsum is simply dummy text of the printing and typesetting industry. Lorem Ipsum has been the industry''s standard dummy text ever since the 1500s, when an unknown printer took a galley of type and scrambled it to make a type specimen book.', '1', 'Product 6', 249000, 199000, '2021-02-04 21:07:10.000000', 6, 1, 1, 100);
INSERT INTO product (id, created_at, created_by, updated_at, updated_by, deleted_at, description, location_id, name, price, price_sale, published_date, store_id, brand_id, category_id, status) VALUES (nextval('product_seq'), '2021-02-04 21:06:37.000000', 1, '2021-02-04 21:06:42.000000', 1, null, 'Lorem Ipsum is simply dummy text of the printing and typesetting industry. Lorem Ipsum has been the industry''s standard dummy text ever since the 1500s, when an unknown printer took a galley of type and scrambled it to make a type specimen book.', '1', 'Product 7', 149000, 99000, '2021-02-04 21:07:10.000000', 7, 1, 1, 100);
INSERT INTO product (id, created_at, created_by, updated_at, updated_by, deleted_at, description, location_id, name, price, price_sale, published_date, store_id, brand_id, category_id, status) VALUES (nextval('product_seq'), '2021-02-04 21:06:37.000000', 1, '2021-02-04 21:06:42.000000', 1, null, 'Lorem Ipsum is simply dummy text of the printing and typesetting industry. Lorem Ipsum has been the industry''s standard dummy text ever since the 1500s, when an unknown printer took a galley of type and scrambled it to make a type specimen book.', '1', 'Product 8', 1149000, 799000, '2021-02-04 21:07:10.000000', 8, 1, 1, 100);
INSERT INTO product (id, created_at, created_by, updated_at, updated_by, deleted_at, description, location_id, name, price, price_sale, published_date, store_id, brand_id, category_id, status) VALUES (nextval('product_seq'), '2021-02-04 21:06:37.000000', 1, '2021-02-04 21:06:42.000000', 1, null, 'Lorem Ipsum is simply dummy text of the printing and typesetting industry. Lorem Ipsum has been the industry''s standard dummy text ever since the 1500s, when an unknown printer took a galley of type and scrambled it to make a type specimen book.', '1', 'Product 9', 11559000, 7599000, '2021-02-04 21:07:10.000000', 9, 1, 1, 100);
INSERT INTO product (id, created_at, created_by, updated_at, updated_by, deleted_at, description, location_id, name, price, price_sale, published_date, store_id, brand_id, category_id, status) VALUES (nextval('product_seq'), '2021-02-04 21:06:37.000000', 1, '2021-02-04 21:06:42.000000', 1, null, 'Lorem Ipsum is simply dummy text of the printing and typesetting industry. Lorem Ipsum has been the industry''s standard dummy text ever since the 1500s, when an unknown printer took a galley of type and scrambled it to make a type specimen book.', '1', 'Product 10', 559000, 509000, '2021-02-04 21:07:10.000000', 10, 1, 1, 100);


INSERT INTO product (id, created_at, created_by, updated_at, updated_by, deleted_at, description, location_id, name, price, price_sale, published_date, store_id, brand_id, category_id, status) VALUES (nextval('product_seq'), '2021-02-04 21:06:37.000000', 1, '2021-02-04 21:06:42.000000', 1, null, 'Lorem Ipsum is simply dummy text of the printing and typesetting industry. Lorem Ipsum has been the industry''s standard dummy text ever since the 1500s, when an unknown printer took a galley of type and scrambled it to make a type specimen book.', '1', 'Product 1', 249000, 199000, '2021-02-04 21:07:10.000000', 1, 1, 1, 100);
INSERT INTO product (id, created_at, created_by, updated_at, updated_by, deleted_at, description, location_id, name, price, price_sale, published_date, store_id, brand_id, category_id, status) VALUES (nextval('product_seq'), '2021-02-04 21:06:37.000000', 1, '2021-02-04 21:06:42.000000', 1, null, 'Lorem Ipsum is simply dummy text of the printing and typesetting industry. Lorem Ipsum has been the industry''s standard dummy text ever since the 1500s, when an unknown printer took a galley of type and scrambled it to make a type specimen book.', '1', 'Product 2', 149000, 99000, '2021-02-04 21:07:10.000000', 2, 1, 1, 100);
INSERT INTO product (id, created_at, created_by, updated_at, updated_by, deleted_at, description, location_id, name, price, price_sale, published_date, store_id, brand_id, category_id, status) VALUES (nextval('product_seq'), '2021-02-04 21:06:37.000000', 1, '2021-02-04 21:06:42.000000', 1, null, 'Lorem Ipsum is simply dummy text of the printing and typesetting industry. Lorem Ipsum has been the industry''s standard dummy text ever since the 1500s, when an unknown printer took a galley of type and scrambled it to make a type specimen book.', '1', 'Product 3', 1149000, 799000, '2021-02-04 21:07:10.000000', 3, 1, 1, 100);
INSERT INTO product (id, created_at, created_by, updated_at, updated_by, deleted_at, description, location_id, name, price, price_sale, published_date, store_id, brand_id, category_id, status) VALUES (nextval('product_seq'), '2021-02-04 21:06:37.000000', 1, '2021-02-04 21:06:42.000000', 1, null, 'Lorem Ipsum is simply dummy text of the printing and typesetting industry. Lorem Ipsum has been the industry''s standard dummy text ever since the 1500s, when an unknown printer took a galley of type and scrambled it to make a type specimen book.', '1', 'Product 4', 11559000, 7599000, '2021-02-04 21:07:10.000000', 4, 1, 1, 100);
INSERT INTO product (id, created_at, created_by, updated_at, updated_by, deleted_at, description, location_id, name, price, price_sale, published_date, store_id, brand_id, category_id, status) VALUES (nextval('product_seq'), '2021-02-04 21:06:37.000000', 1, '2021-02-04 21:06:42.000000', 1, null, 'Lorem Ipsum is simply dummy text of the printing and typesetting industry. Lorem Ipsum has been the industry''s standard dummy text ever since the 1500s, when an unknown printer took a galley of type and scrambled it to make a type specimen book.', '1', 'Product 5', 559000, 509000, '2021-02-04 21:07:10.000000', 5, 1, 1, 100);
INSERT INTO product (id, created_at, created_by, updated_at, updated_by, deleted_at, description, location_id, name, price, price_sale, published_date, store_id, brand_id, category_id, status) VALUES (nextval('product_seq'), '2021-02-04 21:06:37.000000', 1, '2021-02-04 21:06:42.000000', 1, null, 'Lorem Ipsum is simply dummy text of the printing and typesetting industry. Lorem Ipsum has been the industry''s standard dummy text ever since the 1500s, when an unknown printer took a galley of type and scrambled it to make a type specimen book.', '1', 'Product 6', 249000, 199000, '2021-02-04 21:07:10.000000', 6, 1, 1, 100);
INSERT INTO product (id, created_at, created_by, updated_at, updated_by, deleted_at, description, location_id, name, price, price_sale, published_date, store_id, brand_id, category_id, status) VALUES (nextval('product_seq'), '2021-02-04 21:06:37.000000', 1, '2021-02-04 21:06:42.000000', 1, null, 'Lorem Ipsum is simply dummy text of the printing and typesetting industry. Lorem Ipsum has been the industry''s standard dummy text ever since the 1500s, when an unknown printer took a galley of type and scrambled it to make a type specimen book.', '1', 'Product 7', 149000, 99000, '2021-02-04 21:07:10.000000', 7, 1, 1, 100);
INSERT INTO product (id, created_at, created_by, updated_at, updated_by, deleted_at, description, location_id, name, price, price_sale, published_date, store_id, brand_id, category_id, status) VALUES (nextval('product_seq'), '2021-02-04 21:06:37.000000', 1, '2021-02-04 21:06:42.000000', 1, null, 'Lorem Ipsum is simply dummy text of the printing and typesetting industry. Lorem Ipsum has been the industry''s standard dummy text ever since the 1500s, when an unknown printer took a galley of type and scrambled it to make a type specimen book.', '1', 'Product 8', 1149000, 799000, '2021-02-04 21:07:10.000000', 8, 1, 1, 100);
INSERT INTO product (id, created_at, created_by, updated_at, updated_by, deleted_at, description, location_id, name, price, price_sale, published_date, store_id, brand_id, category_id, status) VALUES (nextval('product_seq'), '2021-02-04 21:06:37.000000', 1, '2021-02-04 21:06:42.000000', 1, null, 'Lorem Ipsum is simply dummy text of the printing and typesetting industry. Lorem Ipsum has been the industry''s standard dummy text ever since the 1500s, when an unknown printer took a galley of type and scrambled it to make a type specimen book.', '1', 'Product 9', 11559000, 7599000, '2021-02-04 21:07:10.000000', 9, 1, 1, 100);
INSERT INTO product (id, created_at, created_by, updated_at, updated_by, deleted_at, description, location_id, name, price, price_sale, published_date, store_id, brand_id, category_id, status) VALUES (nextval('product_seq'), '2021-02-04 21:06:37.000000', 1, '2021-02-04 21:06:42.000000', 1, null, 'Lorem Ipsum is simply dummy text of the printing and typesetting industry. Lorem Ipsum has been the industry''s standard dummy text ever since the 1500s, when an unknown printer took a galley of type and scrambled it to make a type specimen book.', '1', 'Product 10', 559000, 509000, '2021-02-04 21:07:10.000000', 10, 1, 1, 100);


INSERT INTO product (id, created_at, created_by, updated_at, updated_by, deleted_at, description, location_id, name, price, price_sale, published_date, store_id, brand_id, category_id, status) VALUES (nextval('product_seq'), '2021-02-04 21:06:37.000000', 1, '2021-02-04 21:06:42.000000', 1, null, 'Lorem Ipsum is simply dummy text of the printing and typesetting industry. Lorem Ipsum has been the industry''s standard dummy text ever since the 1500s, when an unknown printer took a galley of type and scrambled it to make a type specimen book.', '1', 'Product 1', 249000, 199000, '2021-02-04 21:07:10.000000', 1, 1, 1, 100);
INSERT INTO product (id, created_at, created_by, updated_at, updated_by, deleted_at, description, location_id, name, price, price_sale, published_date, store_id, brand_id, category_id, status) VALUES (nextval('product_seq'), '2021-02-04 21:06:37.000000', 1, '2021-02-04 21:06:42.000000', 1, null, 'Lorem Ipsum is simply dummy text of the printing and typesetting industry. Lorem Ipsum has been the industry''s standard dummy text ever since the 1500s, when an unknown printer took a galley of type and scrambled it to make a type specimen book.', '1', 'Product 2', 149000, 99000, '2021-02-04 21:07:10.000000', 2, 1, 1, 100);
INSERT INTO product (id, created_at, created_by, updated_at, updated_by, deleted_at, description, location_id, name, price, price_sale, published_date, store_id, brand_id, category_id, status) VALUES (nextval('product_seq'), '2021-02-04 21:06:37.000000', 1, '2021-02-04 21:06:42.000000', 1, null, 'Lorem Ipsum is simply dummy text of the printing and typesetting industry. Lorem Ipsum has been the industry''s standard dummy text ever since the 1500s, when an unknown printer took a galley of type and scrambled it to make a type specimen book.', '1', 'Product 3', 1149000, 799000, '2021-02-04 21:07:10.000000', 3, 1, 1, 100);
INSERT INTO product (id, created_at, created_by, updated_at, updated_by, deleted_at, description, location_id, name, price, price_sale, published_date, store_id, brand_id, category_id, status) VALUES (nextval('product_seq'), '2021-02-04 21:06:37.000000', 1, '2021-02-04 21:06:42.000000', 1, null, 'Lorem Ipsum is simply dummy text of the printing and typesetting industry. Lorem Ipsum has been the industry''s standard dummy text ever since the 1500s, when an unknown printer took a galley of type and scrambled it to make a type specimen book.', '1', 'Product 4', 11559000, 7599000, '2021-02-04 21:07:10.000000', 4, 1, 1, 100);
INSERT INTO product (id, created_at, created_by, updated_at, updated_by, deleted_at, description, location_id, name, price, price_sale, published_date, store_id, brand_id, category_id, status) VALUES (nextval('product_seq'), '2021-02-04 21:06:37.000000', 1, '2021-02-04 21:06:42.000000', 1, null, 'Lorem Ipsum is simply dummy text of the printing and typesetting industry. Lorem Ipsum has been the industry''s standard dummy text ever since the 1500s, when an unknown printer took a galley of type and scrambled it to make a type specimen book.', '1', 'Product 5', 559000, 509000, '2021-02-04 21:07:10.000000', 5, 1, 1, 100);
INSERT INTO product (id, created_at, created_by, updated_at, updated_by, deleted_at, description, location_id, name, price, price_sale, published_date, store_id, brand_id, category_id, status) VALUES (nextval('product_seq'), '2021-02-04 21:06:37.000000', 1, '2021-02-04 21:06:42.000000', 1, null, 'Lorem Ipsum is simply dummy text of the printing and typesetting industry. Lorem Ipsum has been the industry''s standard dummy text ever since the 1500s, when an unknown printer took a galley of type and scrambled it to make a type specimen book.', '1', 'Product 6', 249000, 199000, '2021-02-04 21:07:10.000000', 6, 1, 1, 100);
INSERT INTO product (id, created_at, created_by, updated_at, updated_by, deleted_at, description, location_id, name, price, price_sale, published_date, store_id, brand_id, category_id, status) VALUES (nextval('product_seq'), '2021-02-04 21:06:37.000000', 1, '2021-02-04 21:06:42.000000', 1, null, 'Lorem Ipsum is simply dummy text of the printing and typesetting industry. Lorem Ipsum has been the industry''s standard dummy text ever since the 1500s, when an unknown printer took a galley of type and scrambled it to make a type specimen book.', '1', 'Product 7', 149000, 99000, '2021-02-04 21:07:10.000000', 7, 1, 1, 100);
INSERT INTO product (id, created_at, created_by, updated_at, updated_by, deleted_at, description, location_id, name, price, price_sale, published_date, store_id, brand_id, category_id, status) VALUES (nextval('product_seq'), '2021-02-04 21:06:37.000000', 1, '2021-02-04 21:06:42.000000', 1, null, 'Lorem Ipsum is simply dummy text of the printing and typesetting industry. Lorem Ipsum has been the industry''s standard dummy text ever since the 1500s, when an unknown printer took a galley of type and scrambled it to make a type specimen book.', '1', 'Product 8', 1149000, 799000, '2021-02-04 21:07:10.000000', 8, 1, 1, 100);
INSERT INTO product (id, created_at, created_by, updated_at, updated_by, deleted_at, description, location_id, name, price, price_sale, published_date, store_id, brand_id, category_id, status) VALUES (nextval('product_seq'), '2021-02-04 21:06:37.000000', 1, '2021-02-04 21:06:42.000000', 1, null, 'Lorem Ipsum is simply dummy text of the printing and typesetting industry. Lorem Ipsum has been the industry''s standard dummy text ever since the 1500s, when an unknown printer took a galley of type and scrambled it to make a type specimen book.', '1', 'Product 9', 11559000, 7599000, '2021-02-04 21:07:10.000000', 9, 1, 1, 100);
INSERT INTO product (id, created_at, created_by, updated_at, updated_by, deleted_at, description, location_id, name, price, price_sale, published_date, store_id, brand_id, category_id, status) VALUES (nextval('product_seq'), '2021-02-04 21:06:37.000000', 1, '2021-02-04 21:06:42.000000', 1, null, 'Lorem Ipsum is simply dummy text of the printing and typesetting industry. Lorem Ipsum has been the industry''s standard dummy text ever since the 1500s, when an unknown printer took a galley of type and scrambled it to make a type specimen book.', '1', 'Product 10', 559000, 509000, '2021-02-04 21:07:10.000000', 10, 1, 1, 100);


INSERT INTO product (id, created_at, created_by, updated_at, updated_by, deleted_at, description, location_id, name, price, price_sale, published_date, store_id, brand_id, category_id, status) VALUES (nextval('product_seq'), '2021-02-04 21:06:37.000000', 1, '2021-02-04 21:06:42.000000', 1, null, 'Lorem Ipsum is simply dummy text of the printing and typesetting industry. Lorem Ipsum has been the industry''s standard dummy text ever since the 1500s, when an unknown printer took a galley of type and scrambled it to make a type specimen book.', '1', 'Product 1', 249000, 199000, '2021-02-04 21:07:10.000000', 1, 1, 1, 100);
INSERT INTO product (id, created_at, created_by, updated_at, updated_by, deleted_at, description, location_id, name, price, price_sale, published_date, store_id, brand_id, category_id, status) VALUES (nextval('product_seq'), '2021-02-04 21:06:37.000000', 1, '2021-02-04 21:06:42.000000', 1, null, 'Lorem Ipsum is simply dummy text of the printing and typesetting industry. Lorem Ipsum has been the industry''s standard dummy text ever since the 1500s, when an unknown printer took a galley of type and scrambled it to make a type specimen book.', '1', 'Product 2', 149000, 99000, '2021-02-04 21:07:10.000000', 2, 1, 1, 100);
INSERT INTO product (id, created_at, created_by, updated_at, updated_by, deleted_at, description, location_id, name, price, price_sale, published_date, store_id, brand_id, category_id, status) VALUES (nextval('product_seq'), '2021-02-04 21:06:37.000000', 1, '2021-02-04 21:06:42.000000', 1, null, 'Lorem Ipsum is simply dummy text of the printing and typesetting industry. Lorem Ipsum has been the industry''s standard dummy text ever since the 1500s, when an unknown printer took a galley of type and scrambled it to make a type specimen book.', '1', 'Product 3', 1149000, 799000, '2021-02-04 21:07:10.000000', 3, 1, 1, 100);
INSERT INTO product (id, created_at, created_by, updated_at, updated_by, deleted_at, description, location_id, name, price, price_sale, published_date, store_id, brand_id, category_id, status) VALUES (nextval('product_seq'), '2021-02-04 21:06:37.000000', 1, '2021-02-04 21:06:42.000000', 1, null, 'Lorem Ipsum is simply dummy text of the printing and typesetting industry. Lorem Ipsum has been the industry''s standard dummy text ever since the 1500s, when an unknown printer took a galley of type and scrambled it to make a type specimen book.', '1', 'Product 4', 11559000, 7599000, '2021-02-04 21:07:10.000000', 4, 1, 1, 100);
INSERT INTO product (id, created_at, created_by, updated_at, updated_by, deleted_at, description, location_id, name, price, price_sale, published_date, store_id, brand_id, category_id, status) VALUES (nextval('product_seq'), '2021-02-04 21:06:37.000000', 1, '2021-02-04 21:06:42.000000', 1, null, 'Lorem Ipsum is simply dummy text of the printing and typesetting industry. Lorem Ipsum has been the industry''s standard dummy text ever since the 1500s, when an unknown printer took a galley of type and scrambled it to make a type specimen book.', '1', 'Product 5', 559000, 509000, '2021-02-04 21:07:10.000000', 5, 1, 1, 100);
INSERT INTO product (id, created_at, created_by, updated_at, updated_by, deleted_at, description, location_id, name, price, price_sale, published_date, store_id, brand_id, category_id, status) VALUES (nextval('product_seq'), '2021-02-04 21:06:37.000000', 1, '2021-02-04 21:06:42.000000', 1, null, 'Lorem Ipsum is simply dummy text of the printing and typesetting industry. Lorem Ipsum has been the industry''s standard dummy text ever since the 1500s, when an unknown printer took a galley of type and scrambled it to make a type specimen book.', '1', 'Product 6', 249000, 199000, '2021-02-04 21:07:10.000000', 6, 1, 1, 100);
INSERT INTO product (id, created_at, created_by, updated_at, updated_by, deleted_at, description, location_id, name, price, price_sale, published_date, store_id, brand_id, category_id, status) VALUES (nextval('product_seq'), '2021-02-04 21:06:37.000000', 1, '2021-02-04 21:06:42.000000', 1, null, 'Lorem Ipsum is simply dummy text of the printing and typesetting industry. Lorem Ipsum has been the industry''s standard dummy text ever since the 1500s, when an unknown printer took a galley of type and scrambled it to make a type specimen book.', '1', 'Product 7', 149000, 99000, '2021-02-04 21:07:10.000000', 7, 1, 1, 100);
INSERT INTO product (id, created_at, created_by, updated_at, updated_by, deleted_at, description, location_id, name, price, price_sale, published_date, store_id, brand_id, category_id, status) VALUES (nextval('product_seq'), '2021-02-04 21:06:37.000000', 1, '2021-02-04 21:06:42.000000', 1, null, 'Lorem Ipsum is simply dummy text of the printing and typesetting industry. Lorem Ipsum has been the industry''s standard dummy text ever since the 1500s, when an unknown printer took a galley of type and scrambled it to make a type specimen book.', '1', 'Product 8', 1149000, 799000, '2021-02-04 21:07:10.000000', 8, 1, 1, 100);
INSERT INTO product (id, created_at, created_by, updated_at, updated_by, deleted_at, description, location_id, name, price, price_sale, published_date, store_id, brand_id, category_id, status) VALUES (nextval('product_seq'), '2021-02-04 21:06:37.000000', 1, '2021-02-04 21:06:42.000000', 1, null, 'Lorem Ipsum is simply dummy text of the printing and typesetting industry. Lorem Ipsum has been the industry''s standard dummy text ever since the 1500s, when an unknown printer took a galley of type and scrambled it to make a type specimen book.', '1', 'Product 9', 11559000, 7599000, '2021-02-04 21:07:10.000000', 9, 1, 1, 100);
INSERT INTO product (id, created_at, created_by, updated_at, updated_by, deleted_at, description, location_id, name, price, price_sale, published_date, store_id, brand_id, category_id, status) VALUES (nextval('product_seq'), '2021-02-04 21:06:37.000000', 1, '2021-02-04 21:06:42.000000', 1, null, 'Lorem Ipsum is simply dummy text of the printing and typesetting industry. Lorem Ipsum has been the industry''s standard dummy text ever since the 1500s, when an unknown printer took a galley of type and scrambled it to make a type specimen book.', '1', 'Product 10', 559000, 509000, '2021-02-04 21:07:10.000000', 10, 1, 1, 100);

INSERT INTO product (id, created_at, created_by, updated_at, updated_by, deleted_at, description, location_id, name, price, price_sale, published_date, store_id, brand_id, category_id, status) VALUES (nextval('product_seq'), '2021-02-04 21:06:37.000000', 1, '2021-02-04 21:06:42.000000', 1, null, 'Lorem Ipsum is simply dummy text of the printing and typesetting industry. Lorem Ipsum has been the industry''s standard dummy text ever since the 1500s, when an unknown printer took a galley of type and scrambled it to make a type specimen book.', '1', 'Product 1', 249000, 199000, '2021-02-04 21:07:10.000000', 1, 1, 1, 100);
INSERT INTO product (id, created_at, created_by, updated_at, updated_by, deleted_at, description, location_id, name, price, price_sale, published_date, store_id, brand_id, category_id, status) VALUES (nextval('product_seq'), '2021-02-04 21:06:37.000000', 1, '2021-02-04 21:06:42.000000', 1, null, 'Lorem Ipsum is simply dummy text of the printing and typesetting industry. Lorem Ipsum has been the industry''s standard dummy text ever since the 1500s, when an unknown printer took a galley of type and scrambled it to make a type specimen book.', '1', 'Product 2', 149000, 99000, '2021-02-04 21:07:10.000000', 2, 1, 1, 100);
INSERT INTO product (id, created_at, created_by, updated_at, updated_by, deleted_at, description, location_id, name, price, price_sale, published_date, store_id, brand_id, category_id, status) VALUES (nextval('product_seq'), '2021-02-04 21:06:37.000000', 1, '2021-02-04 21:06:42.000000', 1, null, 'Lorem Ipsum is simply dummy text of the printing and typesetting industry. Lorem Ipsum has been the industry''s standard dummy text ever since the 1500s, when an unknown printer took a galley of type and scrambled it to make a type specimen book.', '1', 'Product 3', 1149000, 799000, '2021-02-04 21:07:10.000000', 3, 1, 1, 100);
INSERT INTO product (id, created_at, created_by, updated_at, updated_by, deleted_at, description, location_id, name, price, price_sale, published_date, store_id, brand_id, category_id, status) VALUES (nextval('product_seq'), '2021-02-04 21:06:37.000000', 1, '2021-02-04 21:06:42.000000', 1, null, 'Lorem Ipsum is simply dummy text of the printing and typesetting industry. Lorem Ipsum has been the industry''s standard dummy text ever since the 1500s, when an unknown printer took a galley of type and scrambled it to make a type specimen book.', '1', 'Product 4', 11559000, 7599000, '2021-02-04 21:07:10.000000', 4, 1, 1, 100);
INSERT INTO product (id, created_at, created_by, updated_at, updated_by, deleted_at, description, location_id, name, price, price_sale, published_date, store_id, brand_id, category_id, status) VALUES (nextval('product_seq'), '2021-02-04 21:06:37.000000', 1, '2021-02-04 21:06:42.000000', 1, null, 'Lorem Ipsum is simply dummy text of the printing and typesetting industry. Lorem Ipsum has been the industry''s standard dummy text ever since the 1500s, when an unknown printer took a galley of type and scrambled it to make a type specimen book.', '1', 'Product 4', 11559000, 7599000, '2021-02-04 21:07:10.000000', 4, 1, 1, 100);
INSERT INTO product (id, created_at, created_by, updated_at, updated_by, deleted_at, description, location_id, name, price, price_sale, published_date, store_id, brand_id, category_id, status) VALUES (nextval('product_seq'), '2021-02-04 21:06:37.000000', 1, '2021-02-04 21:06:42.000000', 1, null, 'Lorem Ipsum is simply dummy text of the printing and typesetting industry. Lorem Ipsum has been the industry''s standard dummy text ever since the 1500s, when an unknown printer took a galley of type and scrambled it to make a type specimen book.', '1', 'Product 5', 559000, 509000, '2021-02-04 21:07:10.000000', 5, 1, 1, 100);
INSERT INTO product (id, created_at, created_by, updated_at, updated_by, deleted_at, description, location_id, name, price, price_sale, published_date, store_id, brand_id, category_id, status) VALUES (nextval('product_seq'), '2021-02-04 21:06:37.000000', 1, '2021-02-04 21:06:42.000000', 1, null, 'Lorem Ipsum is simply dummy text of the printing and typesetting industry. Lorem Ipsum has been the industry''s standard dummy text ever since the 1500s, when an unknown printer took a galley of type and scrambled it to make a type specimen book.', '1', 'Product 6', 249000, 199000, '2021-02-04 21:07:10.000000', 6, 1, 1, 100);
INSERT INTO product (id, created_at, created_by, updated_at, updated_by, deleted_at, description, location_id, name, price, price_sale, published_date, store_id, brand_id, category_id, status) VALUES (nextval('product_seq'), '2021-02-04 21:06:37.000000', 1, '2021-02-04 21:06:42.000000', 1, null, 'Lorem Ipsum is simply dummy text of the printing and typesetting industry. Lorem Ipsum has been the industry''s standard dummy text ever since the 1500s, when an unknown printer took a galley of type and scrambled it to make a type specimen book.', '1', 'Product 7', 149000, 99000, '2021-02-04 21:07:10.000000', 7, 1, 1, 100);
INSERT INTO product (id, created_at, created_by, updated_at, updated_by, deleted_at, description, location_id, name, price, price_sale, published_date, store_id, brand_id, category_id, status) VALUES (nextval('product_seq'), '2021-02-04 21:06:37.000000', 1, '2021-02-04 21:06:42.000000', 1, null, 'Lorem Ipsum is simply dummy text of the printing and typesetting industry. Lorem Ipsum has been the industry''s standard dummy text ever since the 1500s, when an unknown printer took a galley of type and scrambled it to make a type specimen book.', '1', 'Product 8', 1149000, 799000, '2021-02-04 21:07:10.000000', 8, 1, 1, 100);
INSERT INTO product (id, created_at, created_by, updated_at, updated_by, deleted_at, description, location_id, name, price, price_sale, published_date, store_id, brand_id, category_id, status) VALUES (nextval('product_seq'), '2021-02-04 21:06:37.000000', 1, '2021-02-04 21:06:42.000000', 1, null, 'Lorem Ipsum is simply dummy text of the printing and typesetting industry. Lorem Ipsum has been the industry''s standard dummy text ever since the 1500s, when an unknown printer took a galley of type and scrambled it to make a type specimen book.', '1', 'Product 8', 1149000, 799000, '2021-02-04 21:07:10.000000', 8, 1, 1, 100);


INSERT INTO product (id, created_at, created_by, updated_at, updated_by, deleted_at, description, location_id, name, price, price_sale, published_date, store_id, brand_id, category_id, status) VALUES (nextval('product_seq'), '2021-02-04 21:06:37.000000', 1, '2021-02-04 21:06:42.000000', 1, null, 'Lorem Ipsum is simply dummy text of the printing and typesetting industry. Lorem Ipsum has been the industry''s standard dummy text ever since the 1500s, when an unknown printer took a galley of type and scrambled it to make a type specimen book.', '1', 'Product 1', 249000, 199000, '2021-02-04 21:07:10.000000', 1, 1, 1, 100);
INSERT INTO product (id, created_at, created_by, updated_at, updated_by, deleted_at, description, location_id, name, price, price_sale, published_date, store_id, brand_id, category_id, status) VALUES (nextval('product_seq'), '2021-02-04 21:06:37.000000', 1, '2021-02-04 21:06:42.000000', 1, null, 'Lorem Ipsum is simply dummy text of the printing and typesetting industry. Lorem Ipsum has been the industry''s standard dummy text ever since the 1500s, when an unknown printer took a galley of type and scrambled it to make a type specimen book.', '1', 'Product 2', 149000, 99000, '2021-02-04 21:07:10.000000', 2, 1, 1, 100);
INSERT INTO product (id, created_at, created_by, updated_at, updated_by, deleted_at, description, location_id, name, price, price_sale, published_date, store_id, brand_id, category_id, status) VALUES (nextval('product_seq'), '2021-02-04 21:06:37.000000', 1, '2021-02-04 21:06:42.000000', 1, null, 'Lorem Ipsum is simply dummy text of the printing and typesetting industry. Lorem Ipsum has been the industry''s standard dummy text ever since the 1500s, when an unknown printer took a galley of type and scrambled it to make a type specimen book.', '1', 'Product 3', 1149000, 799000, '2021-02-04 21:07:10.000000', 3, 1, 1, 100);
INSERT INTO product (id, created_at, created_by, updated_at, updated_by, deleted_at, description, location_id, name, price, price_sale, published_date, store_id, brand_id, category_id, status) VALUES (nextval('product_seq'), '2021-02-04 21:06:37.000000', 1, '2021-02-04 21:06:42.000000', 1, null, 'Lorem Ipsum is simply dummy text of the printing and typesetting industry. Lorem Ipsum has been the industry''s standard dummy text ever since the 1500s, when an unknown printer took a galley of type and scrambled it to make a type specimen book.', '1', 'Product 4', 11559000, 7599000, '2021-02-04 21:07:10.000000', 4, 1, 1, 100);
INSERT INTO product (id, created_at, created_by, updated_at, updated_by, deleted_at, description, location_id, name, price, price_sale, published_date, store_id, brand_id, category_id, status) VALUES (nextval('product_seq'), '2021-02-04 21:06:37.000000', 1, '2021-02-04 21:06:42.000000', 1, null, 'Lorem Ipsum is simply dummy text of the printing and typesetting industry. Lorem Ipsum has been the industry''s standard dummy text ever since the 1500s, when an unknown printer took a galley of type and scrambled it to make a type specimen book.', '1', 'Product 5', 559000, 509000, '2021-02-04 21:07:10.000000', 5, 1, 1, 100);
INSERT INTO product (id, created_at, created_by, updated_at, updated_by, deleted_at, description, location_id, name, price, price_sale, published_date, store_id, brand_id, category_id, status) VALUES (nextval('product_seq'), '2021-02-04 21:06:37.000000', 1, '2021-02-04 21:06:42.000000', 1, null, 'Lorem Ipsum is simply dummy text of the printing and typesetting industry. Lorem Ipsum has been the industry''s standard dummy text ever since the 1500s, when an unknown printer took a galley of type and scrambled it to make a type specimen book.', '1', 'Product 6', 249000, 199000, '2021-02-04 21:07:10.000000', 6, 1, 1, 100);
INSERT INTO product (id, created_at, created_by, updated_at, updated_by, deleted_at, description, location_id, name, price, price_sale, published_date, store_id, brand_id, category_id, status) VALUES (nextval('product_seq'), '2021-02-04 21:06:37.000000', 1, '2021-02-04 21:06:42.000000', 1, null, 'Lorem Ipsum is simply dummy text of the printing and typesetting industry. Lorem Ipsum has been the industry''s standard dummy text ever since the 1500s, when an unknown printer took a galley of type and scrambled it to make a type specimen book.', '1', 'Product 7', 149000, 99000, '2021-02-04 21:07:10.000000', 7, 1, 1, 100);
INSERT INTO product (id, created_at, created_by, updated_at, updated_by, deleted_at, description, location_id, name, price, price_sale, published_date, store_id, brand_id, category_id, status) VALUES (nextval('product_seq'), '2021-02-04 21:06:37.000000', 1, '2021-02-04 21:06:42.000000', 1, null, 'Lorem Ipsum is simply dummy text of the printing and typesetting industry. Lorem Ipsum has been the industry''s standard dummy text ever since the 1500s, when an unknown printer took a galley of type and scrambled it to make a type specimen book.', '1', 'Product 8', 1149000, 799000, '2021-02-04 21:07:10.000000', 8, 1, 1, 100);
INSERT INTO product (id, created_at, created_by, updated_at, updated_by, deleted_at, description, location_id, name, price, price_sale, published_date, store_id, brand_id, category_id, status) VALUES (nextval('product_seq'), '2021-02-04 21:06:37.000000', 1, '2021-02-04 21:06:42.000000', 1, null, 'Lorem Ipsum is simply dummy text of the printing and typesetting industry. Lorem Ipsum has been the industry''s standard dummy text ever since the 1500s, when an unknown printer took a galley of type and scrambled it to make a type specimen book.', '1', 'Product 9', 11559000, 7599000, '2021-02-04 21:07:10.000000', 9, 1, 1, 100);
INSERT INTO product (id, created_at, created_by, updated_at, updated_by, deleted_at, description, location_id, name, price, price_sale, published_date, store_id, brand_id, category_id, status) VALUES (nextval('product_seq'), '2021-02-04 21:06:37.000000', 1, '2021-02-04 21:06:42.000000', 1, null, 'Lorem Ipsum is simply dummy text of the printing and typesetting industry. Lorem Ipsum has been the industry''s standard dummy text ever since the 1500s, when an unknown printer took a galley of type and scrambled it to make a type specimen book.', '1', 'Product 10', 559000, 509000, '2021-02-04 21:07:10.000000', 10, 1, 1, 100);


INSERT INTO product (id, created_at, created_by, updated_at, updated_by, deleted_at, description, location_id, name, price, price_sale, published_date, store_id, brand_id, category_id, status) VALUES (nextval('product_seq'), '2021-02-04 21:06:37.000000', 1, '2021-02-04 21:06:42.000000', 1, null, 'Lorem Ipsum is simply dummy text of the printing and typesetting industry. Lorem Ipsum has been the industry''s standard dummy text ever since the 1500s, when an unknown printer took a galley of type and scrambled it to make a type specimen book.', '1', 'Product 1', 249000, 199000, '2021-02-04 21:07:10.000000', 1, 1, 1, 100);
INSERT INTO product (id, created_at, created_by, updated_at, updated_by, deleted_at, description, location_id, name, price, price_sale, published_date, store_id, brand_id, category_id, status) VALUES (nextval('product_seq'), '2021-02-04 21:06:37.000000', 1, '2021-02-04 21:06:42.000000', 1, null, 'Lorem Ipsum is simply dummy text of the printing and typesetting industry. Lorem Ipsum has been the industry''s standard dummy text ever since the 1500s, when an unknown printer took a galley of type and scrambled it to make a type specimen book.', '1', 'Product 2', 149000, 99000, '2021-02-04 21:07:10.000000', 2, 1, 1, 100);
INSERT INTO product (id, created_at, created_by, updated_at, updated_by, deleted_at, description, location_id, name, price, price_sale, published_date, store_id, brand_id, category_id, status) VALUES (nextval('product_seq'), '2021-02-04 21:06:37.000000', 1, '2021-02-04 21:06:42.000000', 1, null, 'Lorem Ipsum is simply dummy text of the printing and typesetting industry. Lorem Ipsum has been the industry''s standard dummy text ever since the 1500s, when an unknown printer took a galley of type and scrambled it to make a type specimen book.', '1', 'Product 3', 1149000, 799000, '2021-02-04 21:07:10.000000', 3, 1, 1, 100);
INSERT INTO product (id, created_at, created_by, updated_at, updated_by, deleted_at, description, location_id, name, price, price_sale, published_date, store_id, brand_id, category_id, status) VALUES (nextval('product_seq'), '2021-02-04 21:06:37.000000', 1, '2021-02-04 21:06:42.000000', 1, null, 'Lorem Ipsum is simply dummy text of the printing and typesetting industry. Lorem Ipsum has been the industry''s standard dummy text ever since the 1500s, when an unknown printer took a galley of type and scrambled it to make a type specimen book.', '1', 'Product 4', 11559000, 7599000, '2021-02-04 21:07:10.000000', 4, 1, 1, 100);
INSERT INTO product (id, created_at, created_by, updated_at, updated_by, deleted_at, description, location_id, name, price, price_sale, published_date, store_id, brand_id, category_id, status) VALUES (nextval('product_seq'), '2021-02-04 21:06:37.000000', 1, '2021-02-04 21:06:42.000000', 1, null, 'Lorem Ipsum is simply dummy text of the printing and typesetting industry. Lorem Ipsum has been the industry''s standard dummy text ever since the 1500s, when an unknown printer took a galley of type and scrambled it to make a type specimen book.', '1', 'Product 5', 559000, 509000, '2021-02-04 21:07:10.000000', 5, 1, 1, 100);
INSERT INTO product (id, created_at, created_by, updated_at, updated_by, deleted_at, description, location_id, name, price, price_sale, published_date, store_id, brand_id, category_id, status) VALUES (nextval('product_seq'), '2021-02-04 21:06:37.000000', 1, '2021-02-04 21:06:42.000000', 1, null, 'Lorem Ipsum is simply dummy text of the printing and typesetting industry. Lorem Ipsum has been the industry''s standard dummy text ever since the 1500s, when an unknown printer took a galley of type and scrambled it to make a type specimen book.', '1', 'Product 6', 249000, 199000, '2021-02-04 21:07:10.000000', 6, 1, 1, 100);
INSERT INTO product (id, created_at, created_by, updated_at, updated_by, deleted_at, description, location_id, name, price, price_sale, published_date, store_id, brand_id, category_id, status) VALUES (nextval('product_seq'), '2021-02-04 21:06:37.000000', 1, '2021-02-04 21:06:42.000000', 1, null, 'Lorem Ipsum is simply dummy text of the printing and typesetting industry. Lorem Ipsum has been the industry''s standard dummy text ever since the 1500s, when an unknown printer took a galley of type and scrambled it to make a type specimen book.', '1', 'Product 7', 149000, 99000, '2021-02-04 21:07:10.000000', 7, 1, 1, 100);
INSERT INTO product (id, created_at, created_by, updated_at, updated_by, deleted_at, description, location_id, name, price, price_sale, published_date, store_id, brand_id, category_id, status) VALUES (nextval('product_seq'), '2021-02-04 21:06:37.000000', 1, '2021-02-04 21:06:42.000000', 1, null, 'Lorem Ipsum is simply dummy text of the printing and typesetting industry. Lorem Ipsum has been the industry''s standard dummy text ever since the 1500s, when an unknown printer took a galley of type and scrambled it to make a type specimen book.', '1', 'Product 8', 1149000, 799000, '2021-02-04 21:07:10.000000', 8, 1, 1, 100);
INSERT INTO product (id, created_at, created_by, updated_at, updated_by, deleted_at, description, location_id, name, price, price_sale, published_date, store_id, brand_id, category_id, status) VALUES (nextval('product_seq'), '2021-02-04 21:06:37.000000', 1, '2021-02-04 21:06:42.000000', 1, null, 'Lorem Ipsum is simply dummy text of the printing and typesetting industry. Lorem Ipsum has been the industry''s standard dummy text ever since the 1500s, when an unknown printer took a galley of type and scrambled it to make a type specimen book.', '1', 'Product 9', 11559000, 7599000, '2021-02-04 21:07:10.000000', 9, 1, 1, 100);
INSERT INTO product (id, created_at, created_by, updated_at, updated_by, deleted_at, description, location_id, name, price, price_sale, published_date, store_id, brand_id, category_id, status) VALUES (nextval('product_seq'), '2021-02-04 21:06:37.000000', 1, '2021-02-04 21:06:42.000000', 1, null, 'Lorem Ipsum is simply dummy text of the printing and typesetting industry. Lorem Ipsum has been the industry''s standard dummy text ever since the 1500s, when an unknown printer took a galley of type and scrambled it to make a type specimen book.', '1', 'Product 10', 559000, 509000, '2021-02-04 21:07:10.000000', 10, 1, 1, 100);

INSERT INTO product (id, created_at, created_by, updated_at, updated_by, deleted_at, description, location_id, name, price, price_sale, published_date, store_id, brand_id, category_id, status) VALUES (nextval('product_seq'), '2021-02-04 21:06:37.000000', 1, '2021-02-04 21:06:42.000000', 1, null, 'Lorem Ipsum is simply dummy text of the printing and typesetting industry. Lorem Ipsum has been the industry''s standard dummy text ever since the 1500s, when an unknown printer took a galley of type and scrambled it to make a type specimen book.', '1', 'Product 1', 249000, 199000, '2021-02-04 21:07:10.000000', 1, 1, 1, 100);
INSERT INTO product (id, created_at, created_by, updated_at, updated_by, deleted_at, description, location_id, name, price, price_sale, published_date, store_id, brand_id, category_id, status) VALUES (nextval('product_seq'), '2021-02-04 21:06:37.000000', 1, '2021-02-04 21:06:42.000000', 1, null, 'Lorem Ipsum is simply dummy text of the printing and typesetting industry. Lorem Ipsum has been the industry''s standard dummy text ever since the 1500s, when an unknown printer took a galley of type and scrambled it to make a type specimen book.', '1', 'Product 2', 149000, 99000, '2021-02-04 21:07:10.000000', 2, 1, 1, 100);
INSERT INTO product (id, created_at, created_by, updated_at, updated_by, deleted_at, description, location_id, name, price, price_sale, published_date, store_id, brand_id, category_id, status) VALUES (nextval('product_seq'), '2021-02-04 21:06:37.000000', 1, '2021-02-04 21:06:42.000000', 1, null, 'Lorem Ipsum is simply dummy text of the printing and typesetting industry. Lorem Ipsum has been the industry''s standard dummy text ever since the 1500s, when an unknown printer took a galley of type and scrambled it to make a type specimen book.', '1', 'Product 3', 1149000, 799000, '2021-02-04 21:07:10.000000', 3, 1, 1, 100);
INSERT INTO product (id, created_at, created_by, updated_at, updated_by, deleted_at, description, location_id, name, price, price_sale, published_date, store_id, brand_id, category_id, status) VALUES (nextval('product_seq'), '2021-02-04 21:06:37.000000', 1, '2021-02-04 21:06:42.000000', 1, null, 'Lorem Ipsum is simply dummy text of the printing and typesetting industry. Lorem Ipsum has been the industry''s standard dummy text ever since the 1500s, when an unknown printer took a galley of type and scrambled it to make a type specimen book.', '1', 'Product 4', 11559000, 7599000, '2021-02-04 21:07:10.000000', 4, 1, 1, 100);
INSERT INTO product (id, created_at, created_by, updated_at, updated_by, deleted_at, description, location_id, name, price, price_sale, published_date, store_id, brand_id, category_id, status) VALUES (nextval('product_seq'), '2021-02-04 21:06:37.000000', 1, '2021-02-04 21:06:42.000000', 1, null, 'Lorem Ipsum is simply dummy text of the printing and typesetting industry. Lorem Ipsum has been the industry''s standard dummy text ever since the 1500s, when an unknown printer took a galley of type and scrambled it to make a type specimen book.', '1', 'Product 4', 11559000, 7599000, '2021-02-04 21:07:10.000000', 4, 1, 1, 100);
INSERT INTO product (id, created_at, created_by, updated_at, updated_by, deleted_at, description, location_id, name, price, price_sale, published_date, store_id, brand_id, category_id, status) VALUES (nextval('product_seq'), '2021-02-04 21:06:37.000000', 1, '2021-02-04 21:06:42.000000', 1, null, 'Lorem Ipsum is simply dummy text of the printing and typesetting industry. Lorem Ipsum has been the industry''s standard dummy text ever since the 1500s, when an unknown printer took a galley of type and scrambled it to make a type specimen book.', '1', 'Product 5', 559000, 509000, '2021-02-04 21:07:10.000000', 5, 1, 1, 100);
INSERT INTO product (id, created_at, created_by, updated_at, updated_by, deleted_at, description, location_id, name, price, price_sale, published_date, store_id, brand_id, category_id, status) VALUES (nextval('product_seq'), '2021-02-04 21:06:37.000000', 1, '2021-02-04 21:06:42.000000', 1, null, 'Lorem Ipsum is simply dummy text of the printing and typesetting industry. Lorem Ipsum has been the industry''s standard dummy text ever since the 1500s, when an unknown printer took a galley of type and scrambled it to make a type specimen book.', '1', 'Product 6', 249000, 199000, '2021-02-04 21:07:10.000000', 6, 1, 1, 100);
INSERT INTO product (id, created_at, created_by, updated_at, updated_by, deleted_at, description, location_id, name, price, price_sale, published_date, store_id, brand_id, category_id, status) VALUES (nextval('product_seq'), '2021-02-04 21:06:37.000000', 1, '2021-02-04 21:06:42.000000', 1, null, 'Lorem Ipsum is simply dummy text of the printing and typesetting industry. Lorem Ipsum has been the industry''s standard dummy text ever since the 1500s, when an unknown printer took a galley of type and scrambled it to make a type specimen book.', '1', 'Product 7', 149000, 99000, '2021-02-04 21:07:10.000000', 7, 1, 1, 100);
INSERT INTO product (id, created_at, created_by, updated_at, updated_by, deleted_at, description, location_id, name, price, price_sale, published_date, store_id, brand_id, category_id, status) VALUES (nextval('product_seq'), '2021-02-04 21:06:37.000000', 1, '2021-02-04 21:06:42.000000', 1, null, 'Lorem Ipsum is simply dummy text of the printing and typesetting industry. Lorem Ipsum has been the industry''s standard dummy text ever since the 1500s, when an unknown printer took a galley of type and scrambled it to make a type specimen book.', '1', 'Product 8', 1149000, 799000, '2021-02-04 21:07:10.000000', 8, 1, 1, 100);
INSERT INTO product (id, created_at, created_by, updated_at, updated_by, deleted_at, description, location_id, name, price, price_sale, published_date, store_id, brand_id, category_id, status) VALUES (nextval('product_seq'), '2021-02-04 21:06:37.000000', 1, '2021-02-04 21:06:42.000000', 1, null, 'Lorem Ipsum is simply dummy text of the printing and typesetting industry. Lorem Ipsum has been the industry''s standard dummy text ever since the 1500s, when an unknown printer took a galley of type and scrambled it to make a type specimen book.', '1', 'Product 8', 1149000, 799000, '2021-02-04 21:07:10.000000', 8, 1, 1, 100);


INSERT INTO product (id, created_at, created_by, updated_at, updated_by, deleted_at, description, location_id, name, price, price_sale, published_date, store_id, brand_id, category_id, status) VALUES (nextval('product_seq'), '2021-02-04 21:06:37.000000', 1, '2021-02-04 21:06:42.000000', 1, null, 'Lorem Ipsum is simply dummy text of the printing and typesetting industry. Lorem Ipsum has been the industry''s standard dummy text ever since the 1500s, when an unknown printer took a galley of type and scrambled it to make a type specimen book.', '1', 'Product 1', 249000, 199000, '2021-02-04 21:07:10.000000', 1, 1, 1, 100);
INSERT INTO product (id, created_at, created_by, updated_at, updated_by, deleted_at, description, location_id, name, price, price_sale, published_date, store_id, brand_id, category_id, status) VALUES (nextval('product_seq'), '2021-02-04 21:06:37.000000', 1, '2021-02-04 21:06:42.000000', 1, null, 'Lorem Ipsum is simply dummy text of the printing and typesetting industry. Lorem Ipsum has been the industry''s standard dummy text ever since the 1500s, when an unknown printer took a galley of type and scrambled it to make a type specimen book.', '1', 'Product 2', 149000, 99000, '2021-02-04 21:07:10.000000', 2, 1, 1, 100);
INSERT INTO product (id, created_at, created_by, updated_at, updated_by, deleted_at, description, location_id, name, price, price_sale, published_date, store_id, brand_id, category_id, status) VALUES (nextval('product_seq'), '2021-02-04 21:06:37.000000', 1, '2021-02-04 21:06:42.000000', 1, null, 'Lorem Ipsum is simply dummy text of the printing and typesetting industry. Lorem Ipsum has been the industry''s standard dummy text ever since the 1500s, when an unknown printer took a galley of type and scrambled it to make a type specimen book.', '1', 'Product 3', 1149000, 799000, '2021-02-04 21:07:10.000000', 3, 1, 1, 100);
INSERT INTO product (id, created_at, created_by, updated_at, updated_by, deleted_at, description, location_id, name, price, price_sale, published_date, store_id, brand_id, category_id, status) VALUES (nextval('product_seq'), '2021-02-04 21:06:37.000000', 1, '2021-02-04 21:06:42.000000', 1, null, 'Lorem Ipsum is simply dummy text of the printing and typesetting industry. Lorem Ipsum has been the industry''s standard dummy text ever since the 1500s, when an unknown printer took a galley of type and scrambled it to make a type specimen book.', '1', 'Product 4', 11559000, 7599000, '2021-02-04 21:07:10.000000', 4, 1, 1, 100);
INSERT INTO product (id, created_at, created_by, updated_at, updated_by, deleted_at, description, location_id, name, price, price_sale, published_date, store_id, brand_id, category_id, status) VALUES (nextval('product_seq'), '2021-02-04 21:06:37.000000', 1, '2021-02-04 21:06:42.000000', 1, null, 'Lorem Ipsum is simply dummy text of the printing and typesetting industry. Lorem Ipsum has been the industry''s standard dummy text ever since the 1500s, when an unknown printer took a galley of type and scrambled it to make a type specimen book.', '1', 'Product 5', 559000, 509000, '2021-02-04 21:07:10.000000', 5, 1, 1, 100);
INSERT INTO product (id, created_at, created_by, updated_at, updated_by, deleted_at, description, location_id, name, price, price_sale, published_date, store_id, brand_id, category_id, status) VALUES (nextval('product_seq'), '2021-02-04 21:06:37.000000', 1, '2021-02-04 21:06:42.000000', 1, null, 'Lorem Ipsum is simply dummy text of the printing and typesetting industry. Lorem Ipsum has been the industry''s standard dummy text ever since the 1500s, when an unknown printer took a galley of type and scrambled it to make a type specimen book.', '1', 'Product 6', 249000, 199000, '2021-02-04 21:07:10.000000', 6, 1, 1, 100);
INSERT INTO product (id, created_at, created_by, updated_at, updated_by, deleted_at, description, location_id, name, price, price_sale, published_date, store_id, brand_id, category_id, status) VALUES (nextval('product_seq'), '2021-02-04 21:06:37.000000', 1, '2021-02-04 21:06:42.000000', 1, null, 'Lorem Ipsum is simply dummy text of the printing and typesetting industry. Lorem Ipsum has been the industry''s standard dummy text ever since the 1500s, when an unknown printer took a galley of type and scrambled it to make a type specimen book.', '1', 'Product 7', 149000, 99000, '2021-02-04 21:07:10.000000', 7, 1, 1, 100);
INSERT INTO product (id, created_at, created_by, updated_at, updated_by, deleted_at, description, location_id, name, price, price_sale, published_date, store_id, brand_id, category_id, status) VALUES (nextval('product_seq'), '2021-02-04 21:06:37.000000', 1, '2021-02-04 21:06:42.000000', 1, null, 'Lorem Ipsum is simply dummy text of the printing and typesetting industry. Lorem Ipsum has been the industry''s standard dummy text ever since the 1500s, when an unknown printer took a galley of type and scrambled it to make a type specimen book.', '1', 'Product 8', 1149000, 799000, '2021-02-04 21:07:10.000000', 8, 1, 1, 100);
INSERT INTO product (id, created_at, created_by, updated_at, updated_by, deleted_at, description, location_id, name, price, price_sale, published_date, store_id, brand_id, category_id, status) VALUES (nextval('product_seq'), '2021-02-04 21:06:37.000000', 1, '2021-02-04 21:06:42.000000', 1, null, 'Lorem Ipsum is simply dummy text of the printing and typesetting industry. Lorem Ipsum has been the industry''s standard dummy text ever since the 1500s, when an unknown printer took a galley of type and scrambled it to make a type specimen book.', '1', 'Product 9', 11559000, 7599000, '2021-02-04 21:07:10.000000', 9, 1, 1, 100);
INSERT INTO product (id, created_at, created_by, updated_at, updated_by, deleted_at, description, location_id, name, price, price_sale, published_date, store_id, brand_id, category_id, status) VALUES (nextval('product_seq'), '2021-02-04 21:06:37.000000', 1, '2021-02-04 21:06:42.000000', 1, null, 'Lorem Ipsum is simply dummy text of the printing and typesetting industry. Lorem Ipsum has been the industry''s standard dummy text ever since the 1500s, when an unknown printer took a galley of type and scrambled it to make a type specimen book.', '1', 'Product 10', 559000, 509000, '2021-02-04 21:07:10.000000', 10, 1, 1, 100);




-------- Product image

INSERT INTO product_image (id, created_at, created_by, updated_at, updated_by, attachment_id, "order", product_id) VALUES (nextval('product_image_seq'), '2021-02-04 21:24:36.000000', 1, '2021-02-04 21:24:39.000000', 1, 1, 0, 1);
INSERT INTO product_image (id, created_at, created_by, updated_at, updated_by, attachment_id, "order", product_id) VALUES (nextval('product_image_seq'), '2021-02-04 21:24:36.000000', 1, '2021-02-04 21:24:39.000000', 1, 2, 0, 1);
INSERT INTO product_image (id, created_at, created_by, updated_at, updated_by, attachment_id, "order", product_id) VALUES (nextval('product_image_seq'), '2021-02-04 21:24:36.000000', 1, '2021-02-04 21:24:39.000000', 1, 3, 0, 1);
INSERT INTO product_image (id, created_at, created_by, updated_at, updated_by, attachment_id, "order", product_id) VALUES (nextval('product_image_seq'), '2021-02-04 21:24:36.000000', 1, '2021-02-04 21:24:39.000000', 1, 4, 0, 1);

INSERT INTO product_image (id, created_at, created_by, updated_at, updated_by, attachment_id, "order", product_id) VALUES (nextval('product_image_seq'), '2021-02-04 21:24:36.000000', 1, '2021-02-04 21:24:39.000000', 1, 5, 0, 2);
INSERT INTO product_image (id, created_at, created_by, updated_at, updated_by, attachment_id, "order", product_id) VALUES (nextval('product_image_seq'), '2021-02-04 21:24:36.000000', 1, '2021-02-04 21:24:39.000000', 1, 6, 0, 2);
INSERT INTO product_image (id, created_at, created_by, updated_at, updated_by, attachment_id, "order", product_id) VALUES (nextval('product_image_seq'), '2021-02-04 21:24:36.000000', 1, '2021-02-04 21:24:39.000000', 1, 7, 0, 2);
INSERT INTO product_image (id, created_at, created_by, updated_at, updated_by, attachment_id, "order", product_id) VALUES (nextval('product_image_seq'), '2021-02-04 21:24:36.000000', 1, '2021-02-04 21:24:39.000000', 1, 8, 0, 2);

INSERT INTO product_image (id, created_at, created_by, updated_at, updated_by, attachment_id, "order", product_id) VALUES (nextval('product_image_seq'), '2021-02-04 21:24:36.000000', 1, '2021-02-04 21:24:39.000000', 1, 9, 0, 3);
INSERT INTO product_image (id, created_at, created_by, updated_at, updated_by, attachment_id, "order", product_id) VALUES (nextval('product_image_seq'), '2021-02-04 21:24:36.000000', 1, '2021-02-04 21:24:39.000000', 1, 10, 0, 3);
INSERT INTO product_image (id, created_at, created_by, updated_at, updated_by, attachment_id, "order", product_id) VALUES (nextval('product_image_seq'), '2021-02-04 21:24:36.000000', 1, '2021-02-04 21:24:39.000000', 1, 11, 0, 3);
INSERT INTO product_image (id, created_at, created_by, updated_at, updated_by, attachment_id, "order", product_id) VALUES (nextval('product_image_seq'), '2021-02-04 21:24:36.000000', 1, '2021-02-04 21:24:39.000000', 1, 12, 0, 3);

INSERT INTO product_image (id, created_at, created_by, updated_at, updated_by, attachment_id, "order", product_id) VALUES (nextval('product_image_seq'), '2021-02-04 21:24:36.000000', 1, '2021-02-04 21:24:39.000000', 1, 37, 0, 4);
INSERT INTO product_image (id, created_at, created_by, updated_at, updated_by, attachment_id, "order", product_id) VALUES (nextval('product_image_seq'), '2021-02-04 21:24:36.000000', 1, '2021-02-04 21:24:39.000000', 1, 38, 0, 4);
INSERT INTO product_image (id, created_at, created_by, updated_at, updated_by, attachment_id, "order", product_id) VALUES (nextval('product_image_seq'), '2021-02-04 21:24:36.000000', 1, '2021-02-04 21:24:39.000000', 1, 39, 0, 4);
INSERT INTO product_image (id, created_at, created_by, updated_at, updated_by, attachment_id, "order", product_id) VALUES (nextval('product_image_seq'), '2021-02-04 21:24:36.000000', 1, '2021-02-04 21:24:39.000000', 1, 40, 0, 4);

INSERT INTO product_image (id, created_at, created_by, updated_at, updated_by, attachment_id, "order", product_id) VALUES (nextval('product_image_seq'), '2021-02-04 21:24:36.000000', 1, '2021-02-04 21:24:39.000000', 1, 13, 0, 5);
INSERT INTO product_image (id, created_at, created_by, updated_at, updated_by, attachment_id, "order", product_id) VALUES (nextval('product_image_seq'), '2021-02-04 21:24:36.000000', 1, '2021-02-04 21:24:39.000000', 1, 14, 0, 5);
INSERT INTO product_image (id, created_at, created_by, updated_at, updated_by, attachment_id, "order", product_id) VALUES (nextval('product_image_seq'), '2021-02-04 21:24:36.000000', 1, '2021-02-04 21:24:39.000000', 1, 15, 0, 5);
INSERT INTO product_image (id, created_at, created_by, updated_at, updated_by, attachment_id, "order", product_id) VALUES (nextval('product_image_seq'), '2021-02-04 21:24:36.000000', 1, '2021-02-04 21:24:39.000000', 1, 16, 0, 5);

INSERT INTO product_image (id, created_at, created_by, updated_at, updated_by, attachment_id, "order", product_id) VALUES (nextval('product_image_seq'), '2021-02-04 21:24:36.000000', 1, '2021-02-04 21:24:39.000000', 1, 17, 0, 6);
INSERT INTO product_image (id, created_at, created_by, updated_at, updated_by, attachment_id, "order", product_id) VALUES (nextval('product_image_seq'), '2021-02-04 21:24:36.000000', 1, '2021-02-04 21:24:39.000000', 1, 18, 0, 6);
INSERT INTO product_image (id, created_at, created_by, updated_at, updated_by, attachment_id, "order", product_id) VALUES (nextval('product_image_seq'), '2021-02-04 21:24:36.000000', 1, '2021-02-04 21:24:39.000000', 1, 19, 0, 6);
INSERT INTO product_image (id, created_at, created_by, updated_at, updated_by, attachment_id, "order", product_id) VALUES (nextval('product_image_seq'), '2021-02-04 21:24:36.000000', 1, '2021-02-04 21:24:39.000000', 1, 20, 0, 6);

INSERT INTO product_image (id, created_at, created_by, updated_at, updated_by, attachment_id, "order", product_id) VALUES (nextval('product_image_seq'), '2021-02-04 21:24:36.000000', 1, '2021-02-04 21:24:39.000000', 1, 21, 0, 7);
INSERT INTO product_image (id, created_at, created_by, updated_at, updated_by, attachment_id, "order", product_id) VALUES (nextval('product_image_seq'), '2021-02-04 21:24:36.000000', 1, '2021-02-04 21:24:39.000000', 1, 22, 0, 7);
INSERT INTO product_image (id, created_at, created_by, updated_at, updated_by, attachment_id, "order", product_id) VALUES (nextval('product_image_seq'), '2021-02-04 21:24:36.000000', 1, '2021-02-04 21:24:39.000000', 1, 23, 0, 7);
INSERT INTO product_image (id, created_at, created_by, updated_at, updated_by, attachment_id, "order", product_id) VALUES (nextval('product_image_seq'), '2021-02-04 21:24:36.000000', 1, '2021-02-04 21:24:39.000000', 1, 24, 0, 7);

INSERT INTO product_image (id, created_at, created_by, updated_at, updated_by, attachment_id, "order", product_id) VALUES (nextval('product_image_seq'), '2021-02-04 21:24:36.000000', 1, '2021-02-04 21:24:39.000000', 1, 25, 0, 8);
INSERT INTO product_image (id, created_at, created_by, updated_at, updated_by, attachment_id, "order", product_id) VALUES (nextval('product_image_seq'), '2021-02-04 21:24:36.000000', 1, '2021-02-04 21:24:39.000000', 1, 26, 0, 8);
INSERT INTO product_image (id, created_at, created_by, updated_at, updated_by, attachment_id, "order", product_id) VALUES (nextval('product_image_seq'), '2021-02-04 21:24:36.000000', 1, '2021-02-04 21:24:39.000000', 1, 27, 0, 8);
INSERT INTO product_image (id, created_at, created_by, updated_at, updated_by, attachment_id, "order", product_id) VALUES (nextval('product_image_seq'), '2021-02-04 21:24:36.000000', 1, '2021-02-04 21:24:39.000000', 1, 28, 0, 8);

INSERT INTO product_image (id, created_at, created_by, updated_at, updated_by, attachment_id, "order", product_id) VALUES (nextval('product_image_seq'), '2021-02-04 21:24:36.000000', 1, '2021-02-04 21:24:39.000000', 1, 29, 0, 9);
INSERT INTO product_image (id, created_at, created_by, updated_at, updated_by, attachment_id, "order", product_id) VALUES (nextval('product_image_seq'), '2021-02-04 21:24:36.000000', 1, '2021-02-04 21:24:39.000000', 1, 30, 0, 9);
INSERT INTO product_image (id, created_at, created_by, updated_at, updated_by, attachment_id, "order", product_id) VALUES (nextval('product_image_seq'), '2021-02-04 21:24:36.000000', 1, '2021-02-04 21:24:39.000000', 1, 31, 0, 9);
INSERT INTO product_image (id, created_at, created_by, updated_at, updated_by, attachment_id, "order", product_id) VALUES (nextval('product_image_seq'), '2021-02-04 21:24:36.000000', 1, '2021-02-04 21:24:39.000000', 1, 32, 0, 9);

INSERT INTO product_image (id, created_at, created_by, updated_at, updated_by, attachment_id, "order", product_id) VALUES (nextval('product_image_seq'), '2021-02-04 21:24:36.000000', 1, '2021-02-04 21:24:39.000000', 1, 33, 0, 10);
INSERT INTO product_image (id, created_at, created_by, updated_at, updated_by, attachment_id, "order", product_id) VALUES (nextval('product_image_seq'), '2021-02-04 21:24:36.000000', 1, '2021-02-04 21:24:39.000000', 1, 34, 0, 10);
INSERT INTO product_image (id, created_at, created_by, updated_at, updated_by, attachment_id, "order", product_id) VALUES (nextval('product_image_seq'), '2021-02-04 21:24:36.000000', 1, '2021-02-04 21:24:39.000000', 1, 35, 0, 10);
INSERT INTO product_image (id, created_at, created_by, updated_at, updated_by, attachment_id, "order", product_id) VALUES (nextval('product_image_seq'), '2021-02-04 21:24:36.000000', 1, '2021-02-04 21:24:39.000000', 1, 36, 0, 10);


INSERT INTO product_image (id, created_at, created_by, updated_at, updated_by, attachment_id, "order", product_id) VALUES (nextval('product_image_seq'), '2021-02-04 21:24:36.000000', 1, '2021-02-04 21:24:39.000000', 1, 1, 0, 11);
INSERT INTO product_image (id, created_at, created_by, updated_at, updated_by, attachment_id, "order", product_id) VALUES (nextval('product_image_seq'), '2021-02-04 21:24:36.000000', 1, '2021-02-04 21:24:39.000000', 1, 2, 0, 11);
INSERT INTO product_image (id, created_at, created_by, updated_at, updated_by, attachment_id, "order", product_id) VALUES (nextval('product_image_seq'), '2021-02-04 21:24:36.000000', 1, '2021-02-04 21:24:39.000000', 1, 3, 0, 11);
INSERT INTO product_image (id, created_at, created_by, updated_at, updated_by, attachment_id, "order", product_id) VALUES (nextval('product_image_seq'), '2021-02-04 21:24:36.000000', 1, '2021-02-04 21:24:39.000000', 1, 4, 0, 11);

INSERT INTO product_image (id, created_at, created_by, updated_at, updated_by, attachment_id, "order", product_id) VALUES (nextval('product_image_seq'), '2021-02-04 21:24:36.000000', 1, '2021-02-04 21:24:39.000000', 1, 5, 0, 12);
INSERT INTO product_image (id, created_at, created_by, updated_at, updated_by, attachment_id, "order", product_id) VALUES (nextval('product_image_seq'), '2021-02-04 21:24:36.000000', 1, '2021-02-04 21:24:39.000000', 1, 6, 0, 12);
INSERT INTO product_image (id, created_at, created_by, updated_at, updated_by, attachment_id, "order", product_id) VALUES (nextval('product_image_seq'), '2021-02-04 21:24:36.000000', 1, '2021-02-04 21:24:39.000000', 1, 7, 0, 12);
INSERT INTO product_image (id, created_at, created_by, updated_at, updated_by, attachment_id, "order", product_id) VALUES (nextval('product_image_seq'), '2021-02-04 21:24:36.000000', 1, '2021-02-04 21:24:39.000000', 1, 8, 0, 12);

INSERT INTO product_image (id, created_at, created_by, updated_at, updated_by, attachment_id, "order", product_id) VALUES (nextval('product_image_seq'), '2021-02-04 21:24:36.000000', 1, '2021-02-04 21:24:39.000000', 1, 9, 0, 13);
INSERT INTO product_image (id, created_at, created_by, updated_at, updated_by, attachment_id, "order", product_id) VALUES (nextval('product_image_seq'), '2021-02-04 21:24:36.000000', 1, '2021-02-04 21:24:39.000000', 1, 10, 0, 13);
INSERT INTO product_image (id, created_at, created_by, updated_at, updated_by, attachment_id, "order", product_id) VALUES (nextval('product_image_seq'), '2021-02-04 21:24:36.000000', 1, '2021-02-04 21:24:39.000000', 1, 11, 0, 13);
INSERT INTO product_image (id, created_at, created_by, updated_at, updated_by, attachment_id, "order", product_id) VALUES (nextval('product_image_seq'), '2021-02-04 21:24:36.000000', 1, '2021-02-04 21:24:39.000000', 1, 12, 0, 13);

INSERT INTO product_image (id, created_at, created_by, updated_at, updated_by, attachment_id, "order", product_id) VALUES (nextval('product_image_seq'), '2021-02-04 21:24:36.000000', 1, '2021-02-04 21:24:39.000000', 1, 37, 0, 14);
INSERT INTO product_image (id, created_at, created_by, updated_at, updated_by, attachment_id, "order", product_id) VALUES (nextval('product_image_seq'), '2021-02-04 21:24:36.000000', 1, '2021-02-04 21:24:39.000000', 1, 38, 0, 14);
INSERT INTO product_image (id, created_at, created_by, updated_at, updated_by, attachment_id, "order", product_id) VALUES (nextval('product_image_seq'), '2021-02-04 21:24:36.000000', 1, '2021-02-04 21:24:39.000000', 1, 39, 0, 14);
INSERT INTO product_image (id, created_at, created_by, updated_at, updated_by, attachment_id, "order", product_id) VALUES (nextval('product_image_seq'), '2021-02-04 21:24:36.000000', 1, '2021-02-04 21:24:39.000000', 1, 40, 0, 14);

INSERT INTO product_image (id, created_at, created_by, updated_at, updated_by, attachment_id, "order", product_id) VALUES (nextval('product_image_seq'), '2021-02-04 21:24:36.000000', 1, '2021-02-04 21:24:39.000000', 1, 13, 0, 15);
INSERT INTO product_image (id, created_at, created_by, updated_at, updated_by, attachment_id, "order", product_id) VALUES (nextval('product_image_seq'), '2021-02-04 21:24:36.000000', 1, '2021-02-04 21:24:39.000000', 1, 14, 0, 15);
INSERT INTO product_image (id, created_at, created_by, updated_at, updated_by, attachment_id, "order", product_id) VALUES (nextval('product_image_seq'), '2021-02-04 21:24:36.000000', 1, '2021-02-04 21:24:39.000000', 1, 15, 0, 15);
INSERT INTO product_image (id, created_at, created_by, updated_at, updated_by, attachment_id, "order", product_id) VALUES (nextval('product_image_seq'), '2021-02-04 21:24:36.000000', 1, '2021-02-04 21:24:39.000000', 1, 16, 0, 15);

INSERT INTO product_image (id, created_at, created_by, updated_at, updated_by, attachment_id, "order", product_id) VALUES (nextval('product_image_seq'), '2021-02-04 21:24:36.000000', 1, '2021-02-04 21:24:39.000000', 1, 17, 0, 16);
INSERT INTO product_image (id, created_at, created_by, updated_at, updated_by, attachment_id, "order", product_id) VALUES (nextval('product_image_seq'), '2021-02-04 21:24:36.000000', 1, '2021-02-04 21:24:39.000000', 1, 18, 0, 16);
INSERT INTO product_image (id, created_at, created_by, updated_at, updated_by, attachment_id, "order", product_id) VALUES (nextval('product_image_seq'), '2021-02-04 21:24:36.000000', 1, '2021-02-04 21:24:39.000000', 1, 19, 0, 16);
INSERT INTO product_image (id, created_at, created_by, updated_at, updated_by, attachment_id, "order", product_id) VALUES (nextval('product_image_seq'), '2021-02-04 21:24:36.000000', 1, '2021-02-04 21:24:39.000000', 1, 20, 0, 16);

INSERT INTO product_image (id, created_at, created_by, updated_at, updated_by, attachment_id, "order", product_id) VALUES (nextval('product_image_seq'), '2021-02-04 21:24:36.000000', 1, '2021-02-04 21:24:39.000000', 1, 21, 0, 17);
INSERT INTO product_image (id, created_at, created_by, updated_at, updated_by, attachment_id, "order", product_id) VALUES (nextval('product_image_seq'), '2021-02-04 21:24:36.000000', 1, '2021-02-04 21:24:39.000000', 1, 22, 0, 17);
INSERT INTO product_image (id, created_at, created_by, updated_at, updated_by, attachment_id, "order", product_id) VALUES (nextval('product_image_seq'), '2021-02-04 21:24:36.000000', 1, '2021-02-04 21:24:39.000000', 1, 23, 0, 17);
INSERT INTO product_image (id, created_at, created_by, updated_at, updated_by, attachment_id, "order", product_id) VALUES (nextval('product_image_seq'), '2021-02-04 21:24:36.000000', 1, '2021-02-04 21:24:39.000000', 1, 24, 0, 17);

INSERT INTO product_image (id, created_at, created_by, updated_at, updated_by, attachment_id, "order", product_id) VALUES (nextval('product_image_seq'), '2021-02-04 21:24:36.000000', 1, '2021-02-04 21:24:39.000000', 1, 25, 0, 18);
INSERT INTO product_image (id, created_at, created_by, updated_at, updated_by, attachment_id, "order", product_id) VALUES (nextval('product_image_seq'), '2021-02-04 21:24:36.000000', 1, '2021-02-04 21:24:39.000000', 1, 26, 0, 18);
INSERT INTO product_image (id, created_at, created_by, updated_at, updated_by, attachment_id, "order", product_id) VALUES (nextval('product_image_seq'), '2021-02-04 21:24:36.000000', 1, '2021-02-04 21:24:39.000000', 1, 27, 0, 18);
INSERT INTO product_image (id, created_at, created_by, updated_at, updated_by, attachment_id, "order", product_id) VALUES (nextval('product_image_seq'), '2021-02-04 21:24:36.000000', 1, '2021-02-04 21:24:39.000000', 1, 28, 0, 18);

INSERT INTO product_image (id, created_at, created_by, updated_at, updated_by, attachment_id, "order", product_id) VALUES (nextval('product_image_seq'), '2021-02-04 21:24:36.000000', 1, '2021-02-04 21:24:39.000000', 1, 29, 0, 19);
INSERT INTO product_image (id, created_at, created_by, updated_at, updated_by, attachment_id, "order", product_id) VALUES (nextval('product_image_seq'), '2021-02-04 21:24:36.000000', 1, '2021-02-04 21:24:39.000000', 1, 30, 0, 19);
INSERT INTO product_image (id, created_at, created_by, updated_at, updated_by, attachment_id, "order", product_id) VALUES (nextval('product_image_seq'), '2021-02-04 21:24:36.000000', 1, '2021-02-04 21:24:39.000000', 1, 31, 0, 19);
INSERT INTO product_image (id, created_at, created_by, updated_at, updated_by, attachment_id, "order", product_id) VALUES (nextval('product_image_seq'), '2021-02-04 21:24:36.000000', 1, '2021-02-04 21:24:39.000000', 1, 32, 0, 19);

INSERT INTO product_image (id, created_at, created_by, updated_at, updated_by, attachment_id, "order", product_id) VALUES (nextval('product_image_seq'), '2021-02-04 21:24:36.000000', 1, '2021-02-04 21:24:39.000000', 1, 33, 0, 20);
INSERT INTO product_image (id, created_at, created_by, updated_at, updated_by, attachment_id, "order", product_id) VALUES (nextval('product_image_seq'), '2021-02-04 21:24:36.000000', 1, '2021-02-04 21:24:39.000000', 1, 34, 0, 20);
INSERT INTO product_image (id, created_at, created_by, updated_at, updated_by, attachment_id, "order", product_id) VALUES (nextval('product_image_seq'), '2021-02-04 21:24:36.000000', 1, '2021-02-04 21:24:39.000000', 1, 35, 0, 20);
INSERT INTO product_image (id, created_at, created_by, updated_at, updated_by, attachment_id, "order", product_id) VALUES (nextval('product_image_seq'), '2021-02-04 21:24:36.000000', 1, '2021-02-04 21:24:39.000000', 1, 36, 0, 20);


INSERT INTO product_image (id, created_at, created_by, updated_at, updated_by, attachment_id, "order", product_id) VALUES (nextval('product_image_seq'), '2021-02-04 21:24:36.000000', 1, '2021-02-04 21:24:39.000000', 1, 1, 0, 21);
INSERT INTO product_image (id, created_at, created_by, updated_at, updated_by, attachment_id, "order", product_id) VALUES (nextval('product_image_seq'), '2021-02-04 21:24:36.000000', 1, '2021-02-04 21:24:39.000000', 1, 2, 0, 22);
INSERT INTO product_image (id, created_at, created_by, updated_at, updated_by, attachment_id, "order", product_id) VALUES (nextval('product_image_seq'), '2021-02-04 21:24:36.000000', 1, '2021-02-04 21:24:39.000000', 1, 3, 0, 23);
INSERT INTO product_image (id, created_at, created_by, updated_at, updated_by, attachment_id, "order", product_id) VALUES (nextval('product_image_seq'), '2021-02-04 21:24:36.000000', 1, '2021-02-04 21:24:39.000000', 1, 4, 0, 24);
INSERT INTO product_image (id, created_at, created_by, updated_at, updated_by, attachment_id, "order", product_id) VALUES (nextval('product_image_seq'), '2021-02-04 21:24:36.000000', 1, '2021-02-04 21:24:39.000000', 1, 5, 0, 25);
INSERT INTO product_image (id, created_at, created_by, updated_at, updated_by, attachment_id, "order", product_id) VALUES (nextval('product_image_seq'), '2021-02-04 21:24:36.000000', 1, '2021-02-04 21:24:39.000000', 1, 6, 0, 26);
INSERT INTO product_image (id, created_at, created_by, updated_at, updated_by, attachment_id, "order", product_id) VALUES (nextval('product_image_seq'), '2021-02-04 21:24:36.000000', 1, '2021-02-04 21:24:39.000000', 1, 7, 0, 27);
INSERT INTO product_image (id, created_at, created_by, updated_at, updated_by, attachment_id, "order", product_id) VALUES (nextval('product_image_seq'), '2021-02-04 21:24:36.000000', 1, '2021-02-04 21:24:39.000000', 1, 8, 0, 28);
INSERT INTO product_image (id, created_at, created_by, updated_at, updated_by, attachment_id, "order", product_id) VALUES (nextval('product_image_seq'), '2021-02-04 21:24:36.000000', 1, '2021-02-04 21:24:39.000000', 1, 9, 0, 29);
INSERT INTO product_image (id, created_at, created_by, updated_at, updated_by, attachment_id, "order", product_id) VALUES (nextval('product_image_seq'), '2021-02-04 21:24:36.000000', 1, '2021-02-04 21:24:39.000000', 1, 10, 0, 30);


INSERT INTO product_image (id, created_at, created_by, updated_at, updated_by, attachment_id, "order", product_id) VALUES (nextval('product_image_seq'), '2021-02-04 21:24:36.000000', 1, '2021-02-04 21:24:39.000000', 1, 1, 0, 31);
INSERT INTO product_image (id, created_at, created_by, updated_at, updated_by, attachment_id, "order", product_id) VALUES (nextval('product_image_seq'), '2021-02-04 21:24:36.000000', 1, '2021-02-04 21:24:39.000000', 1, 2, 0, 32);
INSERT INTO product_image (id, created_at, created_by, updated_at, updated_by, attachment_id, "order", product_id) VALUES (nextval('product_image_seq'), '2021-02-04 21:24:36.000000', 1, '2021-02-04 21:24:39.000000', 1, 3, 0, 33);
INSERT INTO product_image (id, created_at, created_by, updated_at, updated_by, attachment_id, "order", product_id) VALUES (nextval('product_image_seq'), '2021-02-04 21:24:36.000000', 1, '2021-02-04 21:24:39.000000', 1, 4, 0, 34);
INSERT INTO product_image (id, created_at, created_by, updated_at, updated_by, attachment_id, "order", product_id) VALUES (nextval('product_image_seq'), '2021-02-04 21:24:36.000000', 1, '2021-02-04 21:24:39.000000', 1, 5, 0, 35);
INSERT INTO product_image (id, created_at, created_by, updated_at, updated_by, attachment_id, "order", product_id) VALUES (nextval('product_image_seq'), '2021-02-04 21:24:36.000000', 1, '2021-02-04 21:24:39.000000', 1, 6, 0, 36);
INSERT INTO product_image (id, created_at, created_by, updated_at, updated_by, attachment_id, "order", product_id) VALUES (nextval('product_image_seq'), '2021-02-04 21:24:36.000000', 1, '2021-02-04 21:24:39.000000', 1, 7, 0, 37);
INSERT INTO product_image (id, created_at, created_by, updated_at, updated_by, attachment_id, "order", product_id) VALUES (nextval('product_image_seq'), '2021-02-04 21:24:36.000000', 1, '2021-02-04 21:24:39.000000', 1, 8, 0, 38);
INSERT INTO product_image (id, created_at, created_by, updated_at, updated_by, attachment_id, "order", product_id) VALUES (nextval('product_image_seq'), '2021-02-04 21:24:36.000000', 1, '2021-02-04 21:24:39.000000', 1, 9, 0, 39);
INSERT INTO product_image (id, created_at, created_by, updated_at, updated_by, attachment_id, "order", product_id) VALUES (nextval('product_image_seq'), '2021-02-04 21:24:36.000000', 1, '2021-02-04 21:24:39.000000', 1, 10, 0, 40);


INSERT INTO product_image (id, created_at, created_by, updated_at, updated_by, attachment_id, "order", product_id) VALUES (nextval('product_image_seq'), '2021-02-04 21:24:36.000000', 1, '2021-02-04 21:24:39.000000', 1, 1, 0, 41);
INSERT INTO product_image (id, created_at, created_by, updated_at, updated_by, attachment_id, "order", product_id) VALUES (nextval('product_image_seq'), '2021-02-04 21:24:36.000000', 1, '2021-02-04 21:24:39.000000', 1, 2, 0, 42);
INSERT INTO product_image (id, created_at, created_by, updated_at, updated_by, attachment_id, "order", product_id) VALUES (nextval('product_image_seq'), '2021-02-04 21:24:36.000000', 1, '2021-02-04 21:24:39.000000', 1, 3, 0, 43);
INSERT INTO product_image (id, created_at, created_by, updated_at, updated_by, attachment_id, "order", product_id) VALUES (nextval('product_image_seq'), '2021-02-04 21:24:36.000000', 1, '2021-02-04 21:24:39.000000', 1, 4, 0, 44);
INSERT INTO product_image (id, created_at, created_by, updated_at, updated_by, attachment_id, "order", product_id) VALUES (nextval('product_image_seq'), '2021-02-04 21:24:36.000000', 1, '2021-02-04 21:24:39.000000', 1, 5, 0, 45);
INSERT INTO product_image (id, created_at, created_by, updated_at, updated_by, attachment_id, "order", product_id) VALUES (nextval('product_image_seq'), '2021-02-04 21:24:36.000000', 1, '2021-02-04 21:24:39.000000', 1, 6, 0, 46);
INSERT INTO product_image (id, created_at, created_by, updated_at, updated_by, attachment_id, "order", product_id) VALUES (nextval('product_image_seq'), '2021-02-04 21:24:36.000000', 1, '2021-02-04 21:24:39.000000', 1, 7, 0, 47);
INSERT INTO product_image (id, created_at, created_by, updated_at, updated_by, attachment_id, "order", product_id) VALUES (nextval('product_image_seq'), '2021-02-04 21:24:36.000000', 1, '2021-02-04 21:24:39.000000', 1, 8, 0, 48);
INSERT INTO product_image (id, created_at, created_by, updated_at, updated_by, attachment_id, "order", product_id) VALUES (nextval('product_image_seq'), '2021-02-04 21:24:36.000000', 1, '2021-02-04 21:24:39.000000', 1, 9, 0, 49);
INSERT INTO product_image (id, created_at, created_by, updated_at, updated_by, attachment_id, "order", product_id) VALUES (nextval('product_image_seq'), '2021-02-04 21:24:36.000000', 1, '2021-02-04 21:24:39.000000', 1, 10, 0, 50);


INSERT INTO product_image (id, created_at, created_by, updated_at, updated_by, attachment_id, "order", product_id) VALUES (nextval('product_image_seq'), '2021-02-04 21:24:36.000000', 1, '2021-02-04 21:24:39.000000', 1, 1, 0, 51);
INSERT INTO product_image (id, created_at, created_by, updated_at, updated_by, attachment_id, "order", product_id) VALUES (nextval('product_image_seq'), '2021-02-04 21:24:36.000000', 1, '2021-02-04 21:24:39.000000', 1, 2, 0, 52);
INSERT INTO product_image (id, created_at, created_by, updated_at, updated_by, attachment_id, "order", product_id) VALUES (nextval('product_image_seq'), '2021-02-04 21:24:36.000000', 1, '2021-02-04 21:24:39.000000', 1, 3, 0, 53);
INSERT INTO product_image (id, created_at, created_by, updated_at, updated_by, attachment_id, "order", product_id) VALUES (nextval('product_image_seq'), '2021-02-04 21:24:36.000000', 1, '2021-02-04 21:24:39.000000', 1, 4, 0, 54);
INSERT INTO product_image (id, created_at, created_by, updated_at, updated_by, attachment_id, "order", product_id) VALUES (nextval('product_image_seq'), '2021-02-04 21:24:36.000000', 1, '2021-02-04 21:24:39.000000', 1, 5, 0, 55);
INSERT INTO product_image (id, created_at, created_by, updated_at, updated_by, attachment_id, "order", product_id) VALUES (nextval('product_image_seq'), '2021-02-04 21:24:36.000000', 1, '2021-02-04 21:24:39.000000', 1, 6, 0, 56);
INSERT INTO product_image (id, created_at, created_by, updated_at, updated_by, attachment_id, "order", product_id) VALUES (nextval('product_image_seq'), '2021-02-04 21:24:36.000000', 1, '2021-02-04 21:24:39.000000', 1, 7, 0, 57);
INSERT INTO product_image (id, created_at, created_by, updated_at, updated_by, attachment_id, "order", product_id) VALUES (nextval('product_image_seq'), '2021-02-04 21:24:36.000000', 1, '2021-02-04 21:24:39.000000', 1, 8, 0, 58);
INSERT INTO product_image (id, created_at, created_by, updated_at, updated_by, attachment_id, "order", product_id) VALUES (nextval('product_image_seq'), '2021-02-04 21:24:36.000000', 1, '2021-02-04 21:24:39.000000', 1, 9, 0, 59);
INSERT INTO product_image (id, created_at, created_by, updated_at, updated_by, attachment_id, "order", product_id) VALUES (nextval('product_image_seq'), '2021-02-04 21:24:36.000000', 1, '2021-02-04 21:24:39.000000', 1, 10, 0, 60);


INSERT INTO product_image (id, created_at, created_by, updated_at, updated_by, attachment_id, "order", product_id) VALUES (nextval('product_image_seq'), '2021-02-04 21:24:36.000000', 1, '2021-02-04 21:24:39.000000', 1, 1, 0, 61);
INSERT INTO product_image (id, created_at, created_by, updated_at, updated_by, attachment_id, "order", product_id) VALUES (nextval('product_image_seq'), '2021-02-04 21:24:36.000000', 1, '2021-02-04 21:24:39.000000', 1, 2, 0, 62);
INSERT INTO product_image (id, created_at, created_by, updated_at, updated_by, attachment_id, "order", product_id) VALUES (nextval('product_image_seq'), '2021-02-04 21:24:36.000000', 1, '2021-02-04 21:24:39.000000', 1, 3, 0, 63);
INSERT INTO product_image (id, created_at, created_by, updated_at, updated_by, attachment_id, "order", product_id) VALUES (nextval('product_image_seq'), '2021-02-04 21:24:36.000000', 1, '2021-02-04 21:24:39.000000', 1, 4, 0, 64);
INSERT INTO product_image (id, created_at, created_by, updated_at, updated_by, attachment_id, "order", product_id) VALUES (nextval('product_image_seq'), '2021-02-04 21:24:36.000000', 1, '2021-02-04 21:24:39.000000', 1, 5, 0, 65);
INSERT INTO product_image (id, created_at, created_by, updated_at, updated_by, attachment_id, "order", product_id) VALUES (nextval('product_image_seq'), '2021-02-04 21:24:36.000000', 1, '2021-02-04 21:24:39.000000', 1, 6, 0, 66);
INSERT INTO product_image (id, created_at, created_by, updated_at, updated_by, attachment_id, "order", product_id) VALUES (nextval('product_image_seq'), '2021-02-04 21:24:36.000000', 1, '2021-02-04 21:24:39.000000', 1, 7, 0, 67);
INSERT INTO product_image (id, created_at, created_by, updated_at, updated_by, attachment_id, "order", product_id) VALUES (nextval('product_image_seq'), '2021-02-04 21:24:36.000000', 1, '2021-02-04 21:24:39.000000', 1, 8, 0, 68);
INSERT INTO product_image (id, created_at, created_by, updated_at, updated_by, attachment_id, "order", product_id) VALUES (nextval('product_image_seq'), '2021-02-04 21:24:36.000000', 1, '2021-02-04 21:24:39.000000', 1, 9, 0, 69);
INSERT INTO product_image (id, created_at, created_by, updated_at, updated_by, attachment_id, "order", product_id) VALUES (nextval('product_image_seq'), '2021-02-04 21:24:36.000000', 1, '2021-02-04 21:24:39.000000', 1, 10, 0, 70);


INSERT INTO product_image (id, created_at, created_by, updated_at, updated_by, attachment_id, "order", product_id) VALUES (nextval('product_image_seq'), '2021-02-04 21:24:36.000000', 1, '2021-02-04 21:24:39.000000', 1, 1, 0, 71);
INSERT INTO product_image (id, created_at, created_by, updated_at, updated_by, attachment_id, "order", product_id) VALUES (nextval('product_image_seq'), '2021-02-04 21:24:36.000000', 1, '2021-02-04 21:24:39.000000', 1, 2, 0, 72);
INSERT INTO product_image (id, created_at, created_by, updated_at, updated_by, attachment_id, "order", product_id) VALUES (nextval('product_image_seq'), '2021-02-04 21:24:36.000000', 1, '2021-02-04 21:24:39.000000', 1, 3, 0, 73);
INSERT INTO product_image (id, created_at, created_by, updated_at, updated_by, attachment_id, "order", product_id) VALUES (nextval('product_image_seq'), '2021-02-04 21:24:36.000000', 1, '2021-02-04 21:24:39.000000', 1, 4, 0, 74);
INSERT INTO product_image (id, created_at, created_by, updated_at, updated_by, attachment_id, "order", product_id) VALUES (nextval('product_image_seq'), '2021-02-04 21:24:36.000000', 1, '2021-02-04 21:24:39.000000', 1, 5, 0, 75);
INSERT INTO product_image (id, created_at, created_by, updated_at, updated_by, attachment_id, "order", product_id) VALUES (nextval('product_image_seq'), '2021-02-04 21:24:36.000000', 1, '2021-02-04 21:24:39.000000', 1, 6, 0, 76);
INSERT INTO product_image (id, created_at, created_by, updated_at, updated_by, attachment_id, "order", product_id) VALUES (nextval('product_image_seq'), '2021-02-04 21:24:36.000000', 1, '2021-02-04 21:24:39.000000', 1, 7, 0, 77);
INSERT INTO product_image (id, created_at, created_by, updated_at, updated_by, attachment_id, "order", product_id) VALUES (nextval('product_image_seq'), '2021-02-04 21:24:36.000000', 1, '2021-02-04 21:24:39.000000', 1, 8, 0, 78);
INSERT INTO product_image (id, created_at, created_by, updated_at, updated_by, attachment_id, "order", product_id) VALUES (nextval('product_image_seq'), '2021-02-04 21:24:36.000000', 1, '2021-02-04 21:24:39.000000', 1, 9, 0, 79);
INSERT INTO product_image (id, created_at, created_by, updated_at, updated_by, attachment_id, "order", product_id) VALUES (nextval('product_image_seq'), '2021-02-04 21:24:36.000000', 1, '2021-02-04 21:24:39.000000', 1, 10, 0, 80);


INSERT INTO product_image (id, created_at, created_by, updated_at, updated_by, attachment_id, "order", product_id) VALUES (nextval('product_image_seq'), '2021-02-04 21:24:36.000000', 1, '2021-02-04 21:24:39.000000', 1, 1, 0, 81);
INSERT INTO product_image (id, created_at, created_by, updated_at, updated_by, attachment_id, "order", product_id) VALUES (nextval('product_image_seq'), '2021-02-04 21:24:36.000000', 1, '2021-02-04 21:24:39.000000', 1, 2, 0, 82);
INSERT INTO product_image (id, created_at, created_by, updated_at, updated_by, attachment_id, "order", product_id) VALUES (nextval('product_image_seq'), '2021-02-04 21:24:36.000000', 1, '2021-02-04 21:24:39.000000', 1, 3, 0, 83);
INSERT INTO product_image (id, created_at, created_by, updated_at, updated_by, attachment_id, "order", product_id) VALUES (nextval('product_image_seq'), '2021-02-04 21:24:36.000000', 1, '2021-02-04 21:24:39.000000', 1, 4, 0, 84);
INSERT INTO product_image (id, created_at, created_by, updated_at, updated_by, attachment_id, "order", product_id) VALUES (nextval('product_image_seq'), '2021-02-04 21:24:36.000000', 1, '2021-02-04 21:24:39.000000', 1, 5, 0, 85);
INSERT INTO product_image (id, created_at, created_by, updated_at, updated_by, attachment_id, "order", product_id) VALUES (nextval('product_image_seq'), '2021-02-04 21:24:36.000000', 1, '2021-02-04 21:24:39.000000', 1, 6, 0, 86);
INSERT INTO product_image (id, created_at, created_by, updated_at, updated_by, attachment_id, "order", product_id) VALUES (nextval('product_image_seq'), '2021-02-04 21:24:36.000000', 1, '2021-02-04 21:24:39.000000', 1, 7, 0, 87);
INSERT INTO product_image (id, created_at, created_by, updated_at, updated_by, attachment_id, "order", product_id) VALUES (nextval('product_image_seq'), '2021-02-04 21:24:36.000000', 1, '2021-02-04 21:24:39.000000', 1, 8, 0, 88);
INSERT INTO product_image (id, created_at, created_by, updated_at, updated_by, attachment_id, "order", product_id) VALUES (nextval('product_image_seq'), '2021-02-04 21:24:36.000000', 1, '2021-02-04 21:24:39.000000', 1, 9, 0, 89);
INSERT INTO product_image (id, created_at, created_by, updated_at, updated_by, attachment_id, "order", product_id) VALUES (nextval('product_image_seq'), '2021-02-04 21:24:36.000000', 1, '2021-02-04 21:24:39.000000', 1, 10, 0, 80);


INSERT INTO product_image (id, created_at, created_by, updated_at, updated_by, attachment_id, "order", product_id) VALUES (nextval('product_image_seq'), '2021-02-04 21:24:36.000000', 1, '2021-02-04 21:24:39.000000', 1, 1, 0, 91);
INSERT INTO product_image (id, created_at, created_by, updated_at, updated_by, attachment_id, "order", product_id) VALUES (nextval('product_image_seq'), '2021-02-04 21:24:36.000000', 1, '2021-02-04 21:24:39.000000', 1, 2, 0, 92);
INSERT INTO product_image (id, created_at, created_by, updated_at, updated_by, attachment_id, "order", product_id) VALUES (nextval('product_image_seq'), '2021-02-04 21:24:36.000000', 1, '2021-02-04 21:24:39.000000', 1, 3, 0, 93);
INSERT INTO product_image (id, created_at, created_by, updated_at, updated_by, attachment_id, "order", product_id) VALUES (nextval('product_image_seq'), '2021-02-04 21:24:36.000000', 1, '2021-02-04 21:24:39.000000', 1, 4, 0, 94);
INSERT INTO product_image (id, created_at, created_by, updated_at, updated_by, attachment_id, "order", product_id) VALUES (nextval('product_image_seq'), '2021-02-04 21:24:36.000000', 1, '2021-02-04 21:24:39.000000', 1, 5, 0, 95);
INSERT INTO product_image (id, created_at, created_by, updated_at, updated_by, attachment_id, "order", product_id) VALUES (nextval('product_image_seq'), '2021-02-04 21:24:36.000000', 1, '2021-02-04 21:24:39.000000', 1, 6, 0, 96);
INSERT INTO product_image (id, created_at, created_by, updated_at, updated_by, attachment_id, "order", product_id) VALUES (nextval('product_image_seq'), '2021-02-04 21:24:36.000000', 1, '2021-02-04 21:24:39.000000', 1, 7, 0, 97);
INSERT INTO product_image (id, created_at, created_by, updated_at, updated_by, attachment_id, "order", product_id) VALUES (nextval('product_image_seq'), '2021-02-04 21:24:36.000000', 1, '2021-02-04 21:24:39.000000', 1, 8, 0, 98);
INSERT INTO product_image (id, created_at, created_by, updated_at, updated_by, attachment_id, "order", product_id) VALUES (nextval('product_image_seq'), '2021-02-04 21:24:36.000000', 1, '2021-02-04 21:24:39.000000', 1, 9, 0, 99);
INSERT INTO product_image (id, created_at, created_by, updated_at, updated_by, attachment_id, "order", product_id) VALUES (nextval('product_image_seq'), '2021-02-04 21:24:36.000000', 1, '2021-02-04 21:24:39.000000', 1, 10, 0, 100);


----- Attachment
TRUNCATE TABLE attachment;
-- select setval('attachment_seq', 1, false);

INSERT INTO attachment (id, created_at, created_by, updated_at, updated_by, display_name, name, path, size_in_kb, thumbnail, type) VALUES (1, '2021-02-04 14:39:55.803000', null, '2021-02-04 14:39:55.803000', null, 'xe.jpg', '3edaa220-15a7-4c7c-bb09-065a98d4134c.jpg', 'https://thebucketofkai2020.s3.ap-southeast-1.amazonaws.com/3edaa220-15a7-4c7c-bb09-065a98d4134c.jpg', 618, null, 'image/jpeg');
INSERT INTO attachment (id, created_at, created_by, updated_at, updated_by, display_name, name, path, size_in_kb, thumbnail, type) VALUES (2, '2021-02-04 14:39:55.795000', null, '2021-02-04 14:39:55.795000', null, 'map.png', '0a93f4e8-fca5-492f-9853-f5b6f3b28334.png', 'https://thebucketofkai2020.s3.ap-southeast-1.amazonaws.com/0a93f4e8-fca5-492f-9853-f5b6f3b28334.png', 719, null, 'image/png');
INSERT INTO attachment (id, created_at, created_by, updated_at, updated_by, display_name, name, path, size_in_kb, thumbnail, type) VALUES (3, '2021-02-04 14:39:55.901000', null, '2021-02-04 14:39:55.901000', null, '2059e3af59b29548853910243d82487c.jpg', '384f2d94-6e0a-4ef0-9f3f-46c2a860216a.jpg', 'https://thebucketofkai2020.s3.ap-southeast-1.amazonaws.com/384f2d94-6e0a-4ef0-9f3f-46c2a860216a.jpg', 26, null, 'image/jpeg');
INSERT INTO attachment (id, created_at, created_by, updated_at, updated_by, display_name, name, path, size_in_kb, thumbnail, type) VALUES (4, '2021-02-04 14:39:55.906000', null, '2021-02-04 14:39:55.906000', null, '1608786256969.jpeg', '7d5123b8-726b-420c-b847-889f93f9fd9d.jpeg', 'https://thebucketofkai2020.s3.ap-southeast-1.amazonaws.com/7d5123b8-726b-420c-b847-889f93f9fd9d.jpeg', 94, null, 'image/jpeg');
INSERT INTO attachment (id, created_at, created_by, updated_at, updated_by, display_name, name, path, size_in_kb, thumbnail, type) VALUES (5, '2021-02-04 14:39:55.947000', null, '2021-02-04 14:39:55.947000', null, 'bloganchoi-anh-che-hai-huoc-51.jpg', '7c2a5cec-d0d2-4998-8c29-32a6ce40fcb1.jpg', 'https://thebucketofkai2020.s3.ap-southeast-1.amazonaws.com/7c2a5cec-d0d2-4998-8c29-32a6ce40fcb1.jpg', 18, null, 'image/jpeg');
INSERT INTO attachment (id, created_at, created_by, updated_at, updated_by, display_name, name, path, size_in_kb, thumbnail, type) VALUES (6, '2021-02-04 14:39:55.988000', null, '2021-02-04 14:39:55.988000', null, 'nhamdog.jpeg', '3b939cd9-3768-4b5a-812f-2a7face512d2.jpeg', 'https://thebucketofkai2020.s3.ap-southeast-1.amazonaws.com/3b939cd9-3768-4b5a-812f-2a7face512d2.jpeg', 131, null, 'image/jpeg');
INSERT INTO attachment (id, created_at, created_by, updated_at, updated_by, display_name, name, path, size_in_kb, thumbnail, type) VALUES (7, '2021-02-04 14:39:56.044000', null, '2021-02-04 14:39:56.044000', null, '91D46DEF-6A3F-4F70-A026-C9056217F4F9_1_105_c.jpeg', 'b7b15db2-a2a4-45d3-8485-0c1dac68b592.jpeg', 'https://thebucketofkai2020.s3.ap-southeast-1.amazonaws.com/b7b15db2-a2a4-45d3-8485-0c1dac68b592.jpeg', 385, null, 'image/jpeg');
INSERT INTO attachment (id, created_at, created_by, updated_at, updated_by, display_name, name, path, size_in_kb, thumbnail, type) VALUES (11, '2021-02-04 14:39:55.803000', null, '2021-02-04 14:39:55.803000', null, 'xe.jpg', '3edaa220-15a7-4c7c-bb09-065a98d4134c.jpg', 'https://thebucketofkai2020.s3.ap-southeast-1.amazonaws.com/3edaa220-15a7-4c7c-bb09-065a98d4134c.jpg', 618, null, 'image/jpeg');
INSERT INTO attachment (id, created_at, created_by, updated_at, updated_by, display_name, name, path, size_in_kb, thumbnail, type) VALUES (12, '2021-02-04 14:39:55.795000', null, '2021-02-04 14:39:55.795000', null, 'map.png', '0a93f4e8-fca5-492f-9853-f5b6f3b28334.png', 'https://thebucketofkai2020.s3.ap-southeast-1.amazonaws.com/0a93f4e8-fca5-492f-9853-f5b6f3b28334.png', 719, null, 'image/png');
INSERT INTO attachment (id, created_at, created_by, updated_at, updated_by, display_name, name, path, size_in_kb, thumbnail, type) VALUES (13, '2021-02-04 14:39:55.901000', null, '2021-02-04 14:39:55.901000', null, '2059e3af59b29548853910243d82487c.jpg', '384f2d94-6e0a-4ef0-9f3f-46c2a860216a.jpg', 'https://thebucketofkai2020.s3.ap-southeast-1.amazonaws.com/384f2d94-6e0a-4ef0-9f3f-46c2a860216a.jpg', 26, null, 'image/jpeg');
INSERT INTO attachment (id, created_at, created_by, updated_at, updated_by, display_name, name, path, size_in_kb, thumbnail, type) VALUES (14, '2021-02-04 14:39:55.906000', null, '2021-02-04 14:39:55.906000', null, '1608786256969.jpeg', '7d5123b8-726b-420c-b847-889f93f9fd9d.jpeg', 'https://thebucketofkai2020.s3.ap-southeast-1.amazonaws.com/7d5123b8-726b-420c-b847-889f93f9fd9d.jpeg', 94, null, 'image/jpeg');
INSERT INTO attachment (id, created_at, created_by, updated_at, updated_by, display_name, name, path, size_in_kb, thumbnail, type) VALUES (15, '2021-02-04 14:39:55.947000', null, '2021-02-04 14:39:55.947000', null, 'bloganchoi-anh-che-hai-huoc-51.jpg', '7c2a5cec-d0d2-4998-8c29-32a6ce40fcb1.jpg', 'https://thebucketofkai2020.s3.ap-southeast-1.amazonaws.com/7c2a5cec-d0d2-4998-8c29-32a6ce40fcb1.jpg', 18, null, 'image/jpeg');
INSERT INTO attachment (id, created_at, created_by, updated_at, updated_by, display_name, name, path, size_in_kb, thumbnail, type) VALUES (16, '2021-02-04 14:39:55.988000', null, '2021-02-04 14:39:55.988000', null, 'nhamdog.jpeg', '3b939cd9-3768-4b5a-812f-2a7face512d2.jpeg', 'https://thebucketofkai2020.s3.ap-southeast-1.amazonaws.com/3b939cd9-3768-4b5a-812f-2a7face512d2.jpeg', 131, null, 'image/jpeg');
INSERT INTO attachment (id, created_at, created_by, updated_at, updated_by, display_name, name, path, size_in_kb, thumbnail, type) VALUES (17, '2021-02-04 14:39:56.044000', null, '2021-02-04 14:39:56.044000', null, '91D46DEF-6A3F-4F70-A026-C9056217F4F9_1_105_c.jpeg', 'b7b15db2-a2a4-45d3-8485-0c1dac68b592.jpeg', 'https://thebucketofkai2020.s3.ap-southeast-1.amazonaws.com/b7b15db2-a2a4-45d3-8485-0c1dac68b592.jpeg', 385, null, 'image/jpeg');
INSERT INTO attachment (id, created_at, created_by, updated_at, updated_by, display_name, name, path, size_in_kb, thumbnail, type) VALUES (18, '2021-02-04 14:39:55.803000', null, '2021-02-04 14:39:55.803000', null, 'xe.jpg', '3edaa220-15a7-4c7c-bb09-065a98d4134c.jpg', 'https://thebucketofkai2020.s3.ap-southeast-1.amazonaws.com/3edaa220-15a7-4c7c-bb09-065a98d4134c.jpg', 618, null, 'image/jpeg');
INSERT INTO attachment (id, created_at, created_by, updated_at, updated_by, display_name, name, path, size_in_kb, thumbnail, type) VALUES (19, '2021-02-04 14:39:55.795000', null, '2021-02-04 14:39:55.795000', null, 'map.png', '0a93f4e8-fca5-492f-9853-f5b6f3b28334.png', 'https://thebucketofkai2020.s3.ap-southeast-1.amazonaws.com/0a93f4e8-fca5-492f-9853-f5b6f3b28334.png', 719, null, 'image/png');
INSERT INTO attachment (id, created_at, created_by, updated_at, updated_by, display_name, name, path, size_in_kb, thumbnail, type) VALUES (20, '2021-02-04 14:39:55.901000', null, '2021-02-04 14:39:55.901000', null, '2059e3af59b29548853910243d82487c.jpg', '384f2d94-6e0a-4ef0-9f3f-46c2a860216a.jpg', 'https://thebucketofkai2020.s3.ap-southeast-1.amazonaws.com/384f2d94-6e0a-4ef0-9f3f-46c2a860216a.jpg', 26, null, 'image/jpeg');
INSERT INTO attachment (id, created_at, created_by, updated_at, updated_by, display_name, name, path, size_in_kb, thumbnail, type) VALUES (21, '2021-02-04 14:39:55.906000', null, '2021-02-04 14:39:55.906000', null, '1608786256969.jpeg', '7d5123b8-726b-420c-b847-889f93f9fd9d.jpeg', 'https://thebucketofkai2020.s3.ap-southeast-1.amazonaws.com/7d5123b8-726b-420c-b847-889f93f9fd9d.jpeg', 94, null, 'image/jpeg');
INSERT INTO attachment (id, created_at, created_by, updated_at, updated_by, display_name, name, path, size_in_kb, thumbnail, type) VALUES (22, '2021-02-04 14:39:55.947000', null, '2021-02-04 14:39:55.947000', null, 'bloganchoi-anh-che-hai-huoc-51.jpg', '7c2a5cec-d0d2-4998-8c29-32a6ce40fcb1.jpg', 'https://thebucketofkai2020.s3.ap-southeast-1.amazonaws.com/7c2a5cec-d0d2-4998-8c29-32a6ce40fcb1.jpg', 18, null, 'image/jpeg');
INSERT INTO attachment (id, created_at, created_by, updated_at, updated_by, display_name, name, path, size_in_kb, thumbnail, type) VALUES (23, '2021-02-04 14:39:55.988000', null, '2021-02-04 14:39:55.988000', null, 'nhamdog.jpeg', '3b939cd9-3768-4b5a-812f-2a7face512d2.jpeg', 'https://thebucketofkai2020.s3.ap-southeast-1.amazonaws.com/3b939cd9-3768-4b5a-812f-2a7face512d2.jpeg', 131, null, 'image/jpeg');
INSERT INTO attachment (id, created_at, created_by, updated_at, updated_by, display_name, name, path, size_in_kb, thumbnail, type) VALUES (24, '2021-02-04 14:39:56.044000', null, '2021-02-04 14:39:56.044000', null, '91D46DEF-6A3F-4F70-A026-C9056217F4F9_1_105_c.jpeg', 'b7b15db2-a2a4-45d3-8485-0c1dac68b592.jpeg', 'https://thebucketofkai2020.s3.ap-southeast-1.amazonaws.com/b7b15db2-a2a4-45d3-8485-0c1dac68b592.jpeg', 385, null, 'image/jpeg');
INSERT INTO attachment (id, created_at, created_by, updated_at, updated_by, display_name, name, path, size_in_kb, thumbnail, type) VALUES (25, '2021-02-04 14:39:55.803000', null, '2021-02-04 14:39:55.803000', null, 'xe.jpg', '3edaa220-15a7-4c7c-bb09-065a98d4134c.jpg', 'https://thebucketofkai2020.s3.ap-southeast-1.amazonaws.com/3edaa220-15a7-4c7c-bb09-065a98d4134c.jpg', 618, null, 'image/jpeg');
INSERT INTO attachment (id, created_at, created_by, updated_at, updated_by, display_name, name, path, size_in_kb, thumbnail, type) VALUES (26, '2021-02-04 14:39:55.795000', null, '2021-02-04 14:39:55.795000', null, 'map.png', '0a93f4e8-fca5-492f-9853-f5b6f3b28334.png', 'https://thebucketofkai2020.s3.ap-southeast-1.amazonaws.com/0a93f4e8-fca5-492f-9853-f5b6f3b28334.png', 719, null, 'image/png');
INSERT INTO attachment (id, created_at, created_by, updated_at, updated_by, display_name, name, path, size_in_kb, thumbnail, type) VALUES (27, '2021-02-04 14:39:55.901000', null, '2021-02-04 14:39:55.901000', null, '2059e3af59b29548853910243d82487c.jpg', '384f2d94-6e0a-4ef0-9f3f-46c2a860216a.jpg', 'https://thebucketofkai2020.s3.ap-southeast-1.amazonaws.com/384f2d94-6e0a-4ef0-9f3f-46c2a860216a.jpg', 26, null, 'image/jpeg');
INSERT INTO attachment (id, created_at, created_by, updated_at, updated_by, display_name, name, path, size_in_kb, thumbnail, type) VALUES (28, '2021-02-04 14:39:55.906000', null, '2021-02-04 14:39:55.906000', null, '1608786256969.jpeg', '7d5123b8-726b-420c-b847-889f93f9fd9d.jpeg', 'https://thebucketofkai2020.s3.ap-southeast-1.amazonaws.com/7d5123b8-726b-420c-b847-889f93f9fd9d.jpeg', 94, null, 'image/jpeg');
INSERT INTO attachment (id, created_at, created_by, updated_at, updated_by, display_name, name, path, size_in_kb, thumbnail, type) VALUES (29, '2021-02-04 14:39:55.947000', null, '2021-02-04 14:39:55.947000', null, 'bloganchoi-anh-che-hai-huoc-51.jpg', '7c2a5cec-d0d2-4998-8c29-32a6ce40fcb1.jpg', 'https://thebucketofkai2020.s3.ap-southeast-1.amazonaws.com/7c2a5cec-d0d2-4998-8c29-32a6ce40fcb1.jpg', 18, null, 'image/jpeg');
INSERT INTO attachment (id, created_at, created_by, updated_at, updated_by, display_name, name, path, size_in_kb, thumbnail, type) VALUES (30, '2021-02-04 14:39:55.988000', null, '2021-02-04 14:39:55.988000', null, 'nhamdog.jpeg', '3b939cd9-3768-4b5a-812f-2a7face512d2.jpeg', 'https://thebucketofkai2020.s3.ap-southeast-1.amazonaws.com/3b939cd9-3768-4b5a-812f-2a7face512d2.jpeg', 131, null, 'image/jpeg');
INSERT INTO attachment (id, created_at, created_by, updated_at, updated_by, display_name, name, path, size_in_kb, thumbnail, type) VALUES (31, '2021-02-04 14:39:55.803000', null, '2021-02-04 14:39:55.803000', null, 'xe.jpg', '3edaa220-15a7-4c7c-bb09-065a98d4134c.jpg', 'https://thebucketofkai2020.s3.ap-southeast-1.amazonaws.com/3edaa220-15a7-4c7c-bb09-065a98d4134c.jpg', 618, null, 'image/jpeg');
INSERT INTO attachment (id, created_at, created_by, updated_at, updated_by, display_name, name, path, size_in_kb, thumbnail, type) VALUES (32, '2021-02-04 14:39:55.795000', null, '2021-02-04 14:39:55.795000', null, 'map.png', '0a93f4e8-fca5-492f-9853-f5b6f3b28334.png', 'https://thebucketofkai2020.s3.ap-southeast-1.amazonaws.com/0a93f4e8-fca5-492f-9853-f5b6f3b28334.png', 719, null, 'image/png');
INSERT INTO attachment (id, created_at, created_by, updated_at, updated_by, display_name, name, path, size_in_kb, thumbnail, type) VALUES (33, '2021-02-04 14:39:55.901000', null, '2021-02-04 14:39:55.901000', null, '2059e3af59b29548853910243d82487c.jpg', '384f2d94-6e0a-4ef0-9f3f-46c2a860216a.jpg', 'https://thebucketofkai2020.s3.ap-southeast-1.amazonaws.com/384f2d94-6e0a-4ef0-9f3f-46c2a860216a.jpg', 26, null, 'image/jpeg');
INSERT INTO attachment (id, created_at, created_by, updated_at, updated_by, display_name, name, path, size_in_kb, thumbnail, type) VALUES (34, '2021-02-04 14:39:55.906000', null, '2021-02-04 14:39:55.906000', null, '1608786256969.jpeg', '7d5123b8-726b-420c-b847-889f93f9fd9d.jpeg', 'https://thebucketofkai2020.s3.ap-southeast-1.amazonaws.com/7d5123b8-726b-420c-b847-889f93f9fd9d.jpeg', 94, null, 'image/jpeg');
INSERT INTO attachment (id, created_at, created_by, updated_at, updated_by, display_name, name, path, size_in_kb, thumbnail, type) VALUES (35, '2021-02-04 14:39:55.947000', null, '2021-02-04 14:39:55.947000', null, 'bloganchoi-anh-che-hai-huoc-51.jpg', '7c2a5cec-d0d2-4998-8c29-32a6ce40fcb1.jpg', 'https://thebucketofkai2020.s3.ap-southeast-1.amazonaws.com/7c2a5cec-d0d2-4998-8c29-32a6ce40fcb1.jpg', 18, null, 'image/jpeg');
INSERT INTO attachment (id, created_at, created_by, updated_at, updated_by, display_name, name, path, size_in_kb, thumbnail, type) VALUES (36, '2021-02-04 14:39:55.988000', null, '2021-02-04 14:39:55.988000', null, 'nhamdog.jpeg', '3b939cd9-3768-4b5a-812f-2a7face512d2.jpeg', 'https://thebucketofkai2020.s3.ap-southeast-1.amazonaws.com/3b939cd9-3768-4b5a-812f-2a7face512d2.jpeg', 131, null, 'image/jpeg');
INSERT INTO attachment (id, created_at, created_by, updated_at, updated_by, display_name, name, path, size_in_kb, thumbnail, type) VALUES (37, '2021-02-04 14:39:56.044000', null, '2021-02-04 14:39:56.044000', null, '91D46DEF-6A3F-4F70-A026-C9056217F4F9_1_105_c.jpeg', 'b7b15db2-a2a4-45d3-8485-0c1dac68b592.jpeg', 'https://thebucketofkai2020.s3.ap-southeast-1.amazonaws.com/b7b15db2-a2a4-45d3-8485-0c1dac68b592.jpeg', 385, null, 'image/jpeg');
INSERT INTO attachment (id, created_at, created_by, updated_at, updated_by, display_name, name, path, size_in_kb, thumbnail, type) VALUES (38, '2021-02-04 14:39:55.803000', null, '2021-02-04 14:39:55.803000', null, 'xe.jpg', '3edaa220-15a7-4c7c-bb09-065a98d4134c.jpg', 'https://thebucketofkai2020.s3.ap-southeast-1.amazonaws.com/3edaa220-15a7-4c7c-bb09-065a98d4134c.jpg', 618, null, 'image/jpeg');
INSERT INTO attachment (id, created_at, created_by, updated_at, updated_by, display_name, name, path, size_in_kb, thumbnail, type) VALUES (39, '2021-02-04 14:39:55.795000', null, '2021-02-04 14:39:55.795000', null, 'map.png', '0a93f4e8-fca5-492f-9853-f5b6f3b28334.png', 'https://thebucketofkai2020.s3.ap-southeast-1.amazonaws.com/0a93f4e8-fca5-492f-9853-f5b6f3b28334.png', 719, null, 'image/png');
INSERT INTO attachment (id, created_at, created_by, updated_at, updated_by, display_name, name, path, size_in_kb, thumbnail, type) VALUES (40, '2021-02-04 14:39:55.901000', null, '2021-02-04 14:39:55.901000', null, '2059e3af59b29548853910243d82487c.jpg', '384f2d94-6e0a-4ef0-9f3f-46c2a860216a.jpg', 'https://thebucketofkai2020.s3.ap-southeast-1.amazonaws.com/384f2d94-6e0a-4ef0-9f3f-46c2a860216a.jpg', 26, null, 'image/jpeg');
INSERT INTO attachment (id, created_at, created_by, updated_at, updated_by, display_name, name, path, size_in_kb, thumbnail, type) VALUES (41, '2021-02-04 14:39:55.803000', null, '2021-02-04 14:39:55.803000', null, 'xe.jpg', '3edaa220-15a7-4c7c-bb09-065a98d4134c.jpg', 'https://thebucketofkai2020.s3.ap-southeast-1.amazonaws.com/3edaa220-15a7-4c7c-bb09-065a98d4134c.jpg', 618, null, 'image/jpeg');
INSERT INTO attachment (id, created_at, created_by, updated_at, updated_by, display_name, name, path, size_in_kb, thumbnail, type) VALUES (42, '2021-02-04 14:39:55.795000', null, '2021-02-04 14:39:55.795000', null, 'map.png', '0a93f4e8-fca5-492f-9853-f5b6f3b28334.png', 'https://thebucketofkai2020.s3.ap-southeast-1.amazonaws.com/0a93f4e8-fca5-492f-9853-f5b6f3b28334.png', 719, null, 'image/png');
INSERT INTO attachment (id, created_at, created_by, updated_at, updated_by, display_name, name, path, size_in_kb, thumbnail, type) VALUES (43, '2021-02-04 14:39:55.901000', null, '2021-02-04 14:39:55.901000', null, '2059e3af59b29548853910243d82487c.jpg', '384f2d94-6e0a-4ef0-9f3f-46c2a860216a.jpg', 'https://thebucketofkai2020.s3.ap-southeast-1.amazonaws.com/384f2d94-6e0a-4ef0-9f3f-46c2a860216a.jpg', 26, null, 'image/jpeg');
INSERT INTO attachment (id, created_at, created_by, updated_at, updated_by, display_name, name, path, size_in_kb, thumbnail, type) VALUES (44, '2021-02-04 14:39:55.906000', null, '2021-02-04 14:39:55.906000', null, '1608786256969.jpeg', '7d5123b8-726b-420c-b847-889f93f9fd9d.jpeg', 'https://thebucketofkai2020.s3.ap-southeast-1.amazonaws.com/7d5123b8-726b-420c-b847-889f93f9fd9d.jpeg', 94, null, 'image/jpeg');
INSERT INTO attachment (id, created_at, created_by, updated_at, updated_by, display_name, name, path, size_in_kb, thumbnail, type) VALUES (45, '2021-02-04 14:39:55.947000', null, '2021-02-04 14:39:55.947000', null, 'bloganchoi-anh-che-hai-huoc-51.jpg', '7c2a5cec-d0d2-4998-8c29-32a6ce40fcb1.jpg', 'https://thebucketofkai2020.s3.ap-southeast-1.amazonaws.com/7c2a5cec-d0d2-4998-8c29-32a6ce40fcb1.jpg', 18, null, 'image/jpeg');
INSERT INTO attachment (id, created_at, created_by, updated_at, updated_by, display_name, name, path, size_in_kb, thumbnail, type) VALUES (46, '2021-02-04 14:39:55.988000', null, '2021-02-04 14:39:55.988000', null, 'nhamdog.jpeg', '3b939cd9-3768-4b5a-812f-2a7face512d2.jpeg', 'https://thebucketofkai2020.s3.ap-southeast-1.amazonaws.com/3b939cd9-3768-4b5a-812f-2a7face512d2.jpeg', 131, null, 'image/jpeg');
INSERT INTO attachment (id, created_at, created_by, updated_at, updated_by, display_name, name, path, size_in_kb, thumbnail, type) VALUES (47, '2021-02-04 14:39:56.044000', null, '2021-02-04 14:39:56.044000', null, '91D46DEF-6A3F-4F70-A026-C9056217F4F9_1_105_c.jpeg', 'b7b15db2-a2a4-45d3-8485-0c1dac68b592.jpeg', 'https://thebucketofkai2020.s3.ap-southeast-1.amazonaws.com/b7b15db2-a2a4-45d3-8485-0c1dac68b592.jpeg', 385, null, 'image/jpeg');
INSERT INTO attachment (id, created_at, created_by, updated_at, updated_by, display_name, name, path, size_in_kb, thumbnail, type) VALUES (48, '2021-02-04 14:39:55.803000', null, '2021-02-04 14:39:55.803000', null, 'xe.jpg', '3edaa220-15a7-4c7c-bb09-065a98d4134c.jpg', 'https://thebucketofkai2020.s3.ap-southeast-1.amazonaws.com/3edaa220-15a7-4c7c-bb09-065a98d4134c.jpg', 618, null, 'image/jpeg');
INSERT INTO attachment (id, created_at, created_by, updated_at, updated_by, display_name, name, path, size_in_kb, thumbnail, type) VALUES (49, '2021-02-04 14:39:55.795000', null, '2021-02-04 14:39:55.795000', null, 'map.png', '0a93f4e8-fca5-492f-9853-f5b6f3b28334.png', 'https://thebucketofkai2020.s3.ap-southeast-1.amazonaws.com/0a93f4e8-fca5-492f-9853-f5b6f3b28334.png', 719, null, 'image/png');
INSERT INTO attachment (id, created_at, created_by, updated_at, updated_by, display_name, name, path, size_in_kb, thumbnail, type) VALUES (50, '2021-02-04 14:39:55.901000', null, '2021-02-04 14:39:55.901000', null, '2059e3af59b29548853910243d82487c.jpg', '384f2d94-6e0a-4ef0-9f3f-46c2a860216a.jpg', 'https://thebucketofkai2020.s3.ap-southeast-1.amazonaws.com/384f2d94-6e0a-4ef0-9f3f-46c2a860216a.jpg', 26, null, 'image/jpeg');
INSERT INTO attachment (id, created_at, created_by, updated_at, updated_by, display_name, name, path, size_in_kb, thumbnail, type) VALUES (8, '2021-02-04 14:39:55.803000', null, '2021-02-04 14:39:55.803000', null, 'xe.jpg', '3edaa220-15a7-4c7c-bb09-065a98d4134c.jpg', 'https://thebucketofkai2020.s3.ap-southeast-1.amazonaws.com/3edaa220-15a7-4c7c-bb09-065a98d4134c.jpg', 618, null, 'image/jpeg');
INSERT INTO attachment (id, created_at, created_by, updated_at, updated_by, display_name, name, path, size_in_kb, thumbnail, type) VALUES (9, '2021-02-04 14:39:55.803000', null, '2021-02-04 14:39:55.803000', null, 'xe.jpg', '3edaa220-15a7-4c7c-bb09-065a98d4134c.jpg', 'https://thebucketofkai2020.s3.ap-southeast-1.amazonaws.com/3edaa220-15a7-4c7c-bb09-065a98d4134c.jpg', 618, null, 'image/jpeg');
INSERT INTO attachment (id, created_at, created_by, updated_at, updated_by, display_name, name, path, size_in_kb, thumbnail, type) VALUES (10, '2021-02-04 14:39:55.795000', null, '2021-02-04 14:39:55.795000', null, 'map.png', '0a93f4e8-fca5-492f-9853-f5b6f3b28334.png', 'https://thebucketofkai2020.s3.ap-southeast-1.amazonaws.com/0a93f4e8-fca5-492f-9853-f5b6f3b28334.png', 719, null, 'image/png');
INSERT INTO attachment (id, created_at, created_by, updated_at, updated_by, display_name, name, path, size_in_kb, thumbnail, type) VALUES (51, '2021-02-04 14:39:55.803000', null, '2021-02-04 14:39:55.803000', null, 'xe.jpg', '3edaa220-15a7-4c7c-bb09-065a98d4134c.jpg', 'https://thebucketofkai2020.s3.ap-southeast-1.amazonaws.com/3edaa220-15a7-4c7c-bb09-065a98d4134c.jpg', 618, null, 'image/jpeg');
INSERT INTO attachment (id, created_at, created_by, updated_at, updated_by, display_name, name, path, size_in_kb, thumbnail, type) VALUES (52, '2021-02-04 14:39:55.795000', null, '2021-02-04 14:39:55.795000', null, 'map.png', '0a93f4e8-fca5-492f-9853-f5b6f3b28334.png', 'https://thebucketofkai2020.s3.ap-southeast-1.amazonaws.com/0a93f4e8-fca5-492f-9853-f5b6f3b28334.png', 719, null, 'image/png');
INSERT INTO attachment (id, created_at, created_by, updated_at, updated_by, display_name, name, path, size_in_kb, thumbnail, type) VALUES (53, '2021-02-04 14:39:55.901000', null, '2021-02-04 14:39:55.901000', null, '2059e3af59b29548853910243d82487c.jpg', '384f2d94-6e0a-4ef0-9f3f-46c2a860216a.jpg', 'https://thebucketofkai2020.s3.ap-southeast-1.amazonaws.com/384f2d94-6e0a-4ef0-9f3f-46c2a860216a.jpg', 26, null, 'image/jpeg');
INSERT INTO attachment (id, created_at, created_by, updated_at, updated_by, display_name, name, path, size_in_kb, thumbnail, type) VALUES (54, '2021-02-04 14:39:55.906000', null, '2021-02-04 14:39:55.906000', null, '1608786256969.jpeg', '7d5123b8-726b-420c-b847-889f93f9fd9d.jpeg', 'https://thebucketofkai2020.s3.ap-southeast-1.amazonaws.com/7d5123b8-726b-420c-b847-889f93f9fd9d.jpeg', 94, null, 'image/jpeg');
INSERT INTO attachment (id, created_at, created_by, updated_at, updated_by, display_name, name, path, size_in_kb, thumbnail, type) VALUES (55, '2021-02-04 14:39:55.947000', null, '2021-02-04 14:39:55.947000', null, 'bloganchoi-anh-che-hai-huoc-51.jpg', '7c2a5cec-d0d2-4998-8c29-32a6ce40fcb1.jpg', 'https://thebucketofkai2020.s3.ap-southeast-1.amazonaws.com/7c2a5cec-d0d2-4998-8c29-32a6ce40fcb1.jpg', 18, null, 'image/jpeg');
INSERT INTO attachment (id, created_at, created_by, updated_at, updated_by, display_name, name, path, size_in_kb, thumbnail, type) VALUES (56, '2021-02-04 14:39:55.988000', null, '2021-02-04 14:39:55.988000', null, 'nhamdog.jpeg', '3b939cd9-3768-4b5a-812f-2a7face512d2.jpeg', 'https://thebucketofkai2020.s3.ap-southeast-1.amazonaws.com/3b939cd9-3768-4b5a-812f-2a7face512d2.jpeg', 131, null, 'image/jpeg');
INSERT INTO attachment (id, created_at, created_by, updated_at, updated_by, display_name, name, path, size_in_kb, thumbnail, type) VALUES (57, '2021-02-04 14:39:56.044000', null, '2021-02-04 14:39:56.044000', null, '91D46DEF-6A3F-4F70-A026-C9056217F4F9_1_105_c.jpeg', 'b7b15db2-a2a4-45d3-8485-0c1dac68b592.jpeg', 'https://thebucketofkai2020.s3.ap-southeast-1.amazonaws.com/b7b15db2-a2a4-45d3-8485-0c1dac68b592.jpeg', 385, null, 'image/jpeg');
INSERT INTO attachment (id, created_at, created_by, updated_at, updated_by, display_name, name, path, size_in_kb, thumbnail, type) VALUES (58, '2021-02-04 14:39:55.803000', null, '2021-02-04 14:39:55.803000', null, 'xe.jpg', '3edaa220-15a7-4c7c-bb09-065a98d4134c.jpg', 'https://thebucketofkai2020.s3.ap-southeast-1.amazonaws.com/3edaa220-15a7-4c7c-bb09-065a98d4134c.jpg', 618, null, 'image/jpeg');
INSERT INTO attachment (id, created_at, created_by, updated_at, updated_by, display_name, name, path, size_in_kb, thumbnail, type) VALUES (59, '2021-02-04 14:39:55.795000', null, '2021-02-04 14:39:55.795000', null, 'map.png', '0a93f4e8-fca5-492f-9853-f5b6f3b28334.png', 'https://thebucketofkai2020.s3.ap-southeast-1.amazonaws.com/0a93f4e8-fca5-492f-9853-f5b6f3b28334.png', 719, null, 'image/png');
INSERT INTO attachment (id, created_at, created_by, updated_at, updated_by, display_name, name, path, size_in_kb, thumbnail, type) VALUES (60, '2021-02-04 14:39:55.901000', null, '2021-02-04 14:39:55.901000', null, '2059e3af59b29548853910243d82487c.jpg', '384f2d94-6e0a-4ef0-9f3f-46c2a860216a.jpg', 'https://thebucketofkai2020.s3.ap-southeast-1.amazonaws.com/384f2d94-6e0a-4ef0-9f3f-46c2a860216a.jpg', 26, null, 'image/jpeg');
INSERT INTO attachment (id, created_at, created_by, updated_at, updated_by, display_name, name, path, size_in_kb, thumbnail, type) VALUES (61, '2021-02-04 14:39:55.906000', null, '2021-02-04 14:39:55.906000', null, '1608786256969.jpeg', '7d5123b8-726b-420c-b847-889f93f9fd9d.jpeg', 'https://thebucketofkai2020.s3.ap-southeast-1.amazonaws.com/7d5123b8-726b-420c-b847-889f93f9fd9d.jpeg', 94, null, 'image/jpeg');
INSERT INTO attachment (id, created_at, created_by, updated_at, updated_by, display_name, name, path, size_in_kb, thumbnail, type) VALUES (62, '2021-02-04 14:39:55.947000', null, '2021-02-04 14:39:55.947000', null, 'bloganchoi-anh-che-hai-huoc-51.jpg', '7c2a5cec-d0d2-4998-8c29-32a6ce40fcb1.jpg', 'https://thebucketofkai2020.s3.ap-southeast-1.amazonaws.com/7c2a5cec-d0d2-4998-8c29-32a6ce40fcb1.jpg', 18, null, 'image/jpeg');
INSERT INTO attachment (id, created_at, created_by, updated_at, updated_by, display_name, name, path, size_in_kb, thumbnail, type) VALUES (63, '2021-02-04 14:39:55.988000', null, '2021-02-04 14:39:55.988000', null, 'nhamdog.jpeg', '3b939cd9-3768-4b5a-812f-2a7face512d2.jpeg', 'https://thebucketofkai2020.s3.ap-southeast-1.amazonaws.com/3b939cd9-3768-4b5a-812f-2a7face512d2.jpeg', 131, null, 'image/jpeg');
INSERT INTO attachment (id, created_at, created_by, updated_at, updated_by, display_name, name, path, size_in_kb, thumbnail, type) VALUES (64, '2021-02-04 14:39:56.044000', null, '2021-02-04 14:39:56.044000', null, '91D46DEF-6A3F-4F70-A026-C9056217F4F9_1_105_c.jpeg', 'b7b15db2-a2a4-45d3-8485-0c1dac68b592.jpeg', 'https://thebucketofkai2020.s3.ap-southeast-1.amazonaws.com/b7b15db2-a2a4-45d3-8485-0c1dac68b592.jpeg', 385, null, 'image/jpeg');
INSERT INTO attachment (id, created_at, created_by, updated_at, updated_by, display_name, name, path, size_in_kb, thumbnail, type) VALUES (65, '2021-02-04 14:39:55.803000', null, '2021-02-04 14:39:55.803000', null, 'xe.jpg', '3edaa220-15a7-4c7c-bb09-065a98d4134c.jpg', 'https://thebucketofkai2020.s3.ap-southeast-1.amazonaws.com/3edaa220-15a7-4c7c-bb09-065a98d4134c.jpg', 618, null, 'image/jpeg');
INSERT INTO attachment (id, created_at, created_by, updated_at, updated_by, display_name, name, path, size_in_kb, thumbnail, type) VALUES (66, '2021-02-04 14:39:55.795000', null, '2021-02-04 14:39:55.795000', null, 'map.png', '0a93f4e8-fca5-492f-9853-f5b6f3b28334.png', 'https://thebucketofkai2020.s3.ap-southeast-1.amazonaws.com/0a93f4e8-fca5-492f-9853-f5b6f3b28334.png', 719, null, 'image/png');
INSERT INTO attachment (id, created_at, created_by, updated_at, updated_by, display_name, name, path, size_in_kb, thumbnail, type) VALUES (67, '2021-02-04 14:39:55.901000', null, '2021-02-04 14:39:55.901000', null, '2059e3af59b29548853910243d82487c.jpg', '384f2d94-6e0a-4ef0-9f3f-46c2a860216a.jpg', 'https://thebucketofkai2020.s3.ap-southeast-1.amazonaws.com/384f2d94-6e0a-4ef0-9f3f-46c2a860216a.jpg', 26, null, 'image/jpeg');
INSERT INTO attachment (id, created_at, created_by, updated_at, updated_by, display_name, name, path, size_in_kb, thumbnail, type) VALUES (68, '2021-02-04 14:39:55.906000', null, '2021-02-04 14:39:55.906000', null, '1608786256969.jpeg', '7d5123b8-726b-420c-b847-889f93f9fd9d.jpeg', 'https://thebucketofkai2020.s3.ap-southeast-1.amazonaws.com/7d5123b8-726b-420c-b847-889f93f9fd9d.jpeg', 94, null, 'image/jpeg');
INSERT INTO attachment (id, created_at, created_by, updated_at, updated_by, display_name, name, path, size_in_kb, thumbnail, type) VALUES (69, '2021-02-04 14:39:55.947000', null, '2021-02-04 14:39:55.947000', null, 'bloganchoi-anh-che-hai-huoc-51.jpg', '7c2a5cec-d0d2-4998-8c29-32a6ce40fcb1.jpg', 'https://thebucketofkai2020.s3.ap-southeast-1.amazonaws.com/7c2a5cec-d0d2-4998-8c29-32a6ce40fcb1.jpg', 18, null, 'image/jpeg');
INSERT INTO attachment (id, created_at, created_by, updated_at, updated_by, display_name, name, path, size_in_kb, thumbnail, type) VALUES (70, '2021-02-04 14:39:55.988000', null, '2021-02-04 14:39:55.988000', null, 'nhamdog.jpeg', '3b939cd9-3768-4b5a-812f-2a7face512d2.jpeg', 'https://thebucketofkai2020.s3.ap-southeast-1.amazonaws.com/3b939cd9-3768-4b5a-812f-2a7face512d2.jpeg', 131, null, 'image/jpeg');
INSERT INTO attachment (id, created_at, created_by, updated_at, updated_by, display_name, name, path, size_in_kb, thumbnail, type) VALUES (71, '2021-02-04 14:39:56.044000', null, '2021-02-04 14:39:56.044000', null, '91D46DEF-6A3F-4F70-A026-C9056217F4F9_1_105_c.jpeg', 'b7b15db2-a2a4-45d3-8485-0c1dac68b592.jpeg', 'https://thebucketofkai2020.s3.ap-southeast-1.amazonaws.com/b7b15db2-a2a4-45d3-8485-0c1dac68b592.jpeg', 385, null, 'image/jpeg');
INSERT INTO attachment (id, created_at, created_by, updated_at, updated_by, display_name, name, path, size_in_kb, thumbnail, type) VALUES (72, '2021-02-04 14:39:55.803000', null, '2021-02-04 14:39:55.803000', null, 'xe.jpg', '3edaa220-15a7-4c7c-bb09-065a98d4134c.jpg', 'https://thebucketofkai2020.s3.ap-southeast-1.amazonaws.com/3edaa220-15a7-4c7c-bb09-065a98d4134c.jpg', 618, null, 'image/jpeg');
INSERT INTO attachment (id, created_at, created_by, updated_at, updated_by, display_name, name, path, size_in_kb, thumbnail, type) VALUES (73, '2021-02-04 14:39:55.795000', null, '2021-02-04 14:39:55.795000', null, 'map.png', '0a93f4e8-fca5-492f-9853-f5b6f3b28334.png', 'https://thebucketofkai2020.s3.ap-southeast-1.amazonaws.com/0a93f4e8-fca5-492f-9853-f5b6f3b28334.png', 719, null, 'image/png');
INSERT INTO attachment (id, created_at, created_by, updated_at, updated_by, display_name, name, path, size_in_kb, thumbnail, type) VALUES (74, '2021-02-04 14:39:55.901000', null, '2021-02-04 14:39:55.901000', null, '2059e3af59b29548853910243d82487c.jpg', '384f2d94-6e0a-4ef0-9f3f-46c2a860216a.jpg', 'https://thebucketofkai2020.s3.ap-southeast-1.amazonaws.com/384f2d94-6e0a-4ef0-9f3f-46c2a860216a.jpg', 26, null, 'image/jpeg');
INSERT INTO attachment (id, created_at, created_by, updated_at, updated_by, display_name, name, path, size_in_kb, thumbnail, type) VALUES (75, '2021-02-04 14:39:55.906000', null, '2021-02-04 14:39:55.906000', null, '1608786256969.jpeg', '7d5123b8-726b-420c-b847-889f93f9fd9d.jpeg', 'https://thebucketofkai2020.s3.ap-southeast-1.amazonaws.com/7d5123b8-726b-420c-b847-889f93f9fd9d.jpeg', 94, null, 'image/jpeg');
INSERT INTO attachment (id, created_at, created_by, updated_at, updated_by, display_name, name, path, size_in_kb, thumbnail, type) VALUES (76, '2021-02-04 14:39:55.947000', null, '2021-02-04 14:39:55.947000', null, 'bloganchoi-anh-che-hai-huoc-51.jpg', '7c2a5cec-d0d2-4998-8c29-32a6ce40fcb1.jpg', 'https://thebucketofkai2020.s3.ap-southeast-1.amazonaws.com/7c2a5cec-d0d2-4998-8c29-32a6ce40fcb1.jpg', 18, null, 'image/jpeg');
INSERT INTO attachment (id, created_at, created_by, updated_at, updated_by, display_name, name, path, size_in_kb, thumbnail, type) VALUES (77, '2021-02-04 14:39:55.988000', null, '2021-02-04 14:39:55.988000', null, 'nhamdog.jpeg', '3b939cd9-3768-4b5a-812f-2a7face512d2.jpeg', 'https://thebucketofkai2020.s3.ap-southeast-1.amazonaws.com/3b939cd9-3768-4b5a-812f-2a7face512d2.jpeg', 131, null, 'image/jpeg');
INSERT INTO attachment (id, created_at, created_by, updated_at, updated_by, display_name, name, path, size_in_kb, thumbnail, type) VALUES (78, '2021-02-04 14:39:55.803000', null, '2021-02-04 14:39:55.803000', null, 'xe.jpg', '3edaa220-15a7-4c7c-bb09-065a98d4134c.jpg', 'https://thebucketofkai2020.s3.ap-southeast-1.amazonaws.com/3edaa220-15a7-4c7c-bb09-065a98d4134c.jpg', 618, null, 'image/jpeg');
INSERT INTO attachment (id, created_at, created_by, updated_at, updated_by, display_name, name, path, size_in_kb, thumbnail, type) VALUES (79, '2021-02-04 14:39:55.795000', null, '2021-02-04 14:39:55.795000', null, 'map.png', '0a93f4e8-fca5-492f-9853-f5b6f3b28334.png', 'https://thebucketofkai2020.s3.ap-southeast-1.amazonaws.com/0a93f4e8-fca5-492f-9853-f5b6f3b28334.png', 719, null, 'image/png');
INSERT INTO attachment (id, created_at, created_by, updated_at, updated_by, display_name, name, path, size_in_kb, thumbnail, type) VALUES (80, '2021-02-04 14:39:55.901000', null, '2021-02-04 14:39:55.901000', null, '2059e3af59b29548853910243d82487c.jpg', '384f2d94-6e0a-4ef0-9f3f-46c2a860216a.jpg', 'https://thebucketofkai2020.s3.ap-southeast-1.amazonaws.com/384f2d94-6e0a-4ef0-9f3f-46c2a860216a.jpg', 26, null, 'image/jpeg');
INSERT INTO attachment (id, created_at, created_by, updated_at, updated_by, display_name, name, path, size_in_kb, thumbnail, type) VALUES (81, '2021-02-04 14:39:55.906000', null, '2021-02-04 14:39:55.906000', null, '1608786256969.jpeg', '7d5123b8-726b-420c-b847-889f93f9fd9d.jpeg', 'https://thebucketofkai2020.s3.ap-southeast-1.amazonaws.com/7d5123b8-726b-420c-b847-889f93f9fd9d.jpeg', 94, null, 'image/jpeg');
INSERT INTO attachment (id, created_at, created_by, updated_at, updated_by, display_name, name, path, size_in_kb, thumbnail, type) VALUES (82, '2021-02-04 14:39:55.947000', null, '2021-02-04 14:39:55.947000', null, 'bloganchoi-anh-che-hai-huoc-51.jpg', '7c2a5cec-d0d2-4998-8c29-32a6ce40fcb1.jpg', 'https://thebucketofkai2020.s3.ap-southeast-1.amazonaws.com/7c2a5cec-d0d2-4998-8c29-32a6ce40fcb1.jpg', 18, null, 'image/jpeg');
INSERT INTO attachment (id, created_at, created_by, updated_at, updated_by, display_name, name, path, size_in_kb, thumbnail, type) VALUES (83, '2021-02-04 14:39:55.988000', null, '2021-02-04 14:39:55.988000', null, 'nhamdog.jpeg', '3b939cd9-3768-4b5a-812f-2a7face512d2.jpeg', 'https://thebucketofkai2020.s3.ap-southeast-1.amazonaws.com/3b939cd9-3768-4b5a-812f-2a7face512d2.jpeg', 131, null, 'image/jpeg');
INSERT INTO attachment (id, created_at, created_by, updated_at, updated_by, display_name, name, path, size_in_kb, thumbnail, type) VALUES (84, '2021-02-04 14:39:56.044000', null, '2021-02-04 14:39:56.044000', null, '91D46DEF-6A3F-4F70-A026-C9056217F4F9_1_105_c.jpeg', 'b7b15db2-a2a4-45d3-8485-0c1dac68b592.jpeg', 'https://thebucketofkai2020.s3.ap-southeast-1.amazonaws.com/b7b15db2-a2a4-45d3-8485-0c1dac68b592.jpeg', 385, null, 'image/jpeg');
INSERT INTO attachment (id, created_at, created_by, updated_at, updated_by, display_name, name, path, size_in_kb, thumbnail, type) VALUES (85, '2021-02-04 14:39:55.803000', null, '2021-02-04 14:39:55.803000', null, 'xe.jpg', '3edaa220-15a7-4c7c-bb09-065a98d4134c.jpg', 'https://thebucketofkai2020.s3.ap-southeast-1.amazonaws.com/3edaa220-15a7-4c7c-bb09-065a98d4134c.jpg', 618, null, 'image/jpeg');
INSERT INTO attachment (id, created_at, created_by, updated_at, updated_by, display_name, name, path, size_in_kb, thumbnail, type) VALUES (86, '2021-02-04 14:39:55.795000', null, '2021-02-04 14:39:55.795000', null, 'map.png', '0a93f4e8-fca5-492f-9853-f5b6f3b28334.png', 'https://thebucketofkai2020.s3.ap-southeast-1.amazonaws.com/0a93f4e8-fca5-492f-9853-f5b6f3b28334.png', 719, null, 'image/png');
INSERT INTO attachment (id, created_at, created_by, updated_at, updated_by, display_name, name, path, size_in_kb, thumbnail, type) VALUES (87, '2021-02-04 14:39:55.901000', null, '2021-02-04 14:39:55.901000', null, '2059e3af59b29548853910243d82487c.jpg', '384f2d94-6e0a-4ef0-9f3f-46c2a860216a.jpg', 'https://thebucketofkai2020.s3.ap-southeast-1.amazonaws.com/384f2d94-6e0a-4ef0-9f3f-46c2a860216a.jpg', 26, null, 'image/jpeg');
INSERT INTO attachment (id, created_at, created_by, updated_at, updated_by, display_name, name, path, size_in_kb, thumbnail, type) VALUES (88, '2021-02-04 14:39:55.803000', null, '2021-02-04 14:39:55.803000', null, 'xe.jpg', '3edaa220-15a7-4c7c-bb09-065a98d4134c.jpg', 'https://thebucketofkai2020.s3.ap-southeast-1.amazonaws.com/3edaa220-15a7-4c7c-bb09-065a98d4134c.jpg', 618, null, 'image/jpeg');
INSERT INTO attachment (id, created_at, created_by, updated_at, updated_by, display_name, name, path, size_in_kb, thumbnail, type) VALUES (89, '2021-02-04 14:39:55.795000', null, '2021-02-04 14:39:55.795000', null, 'map.png', '0a93f4e8-fca5-492f-9853-f5b6f3b28334.png', 'https://thebucketofkai2020.s3.ap-southeast-1.amazonaws.com/0a93f4e8-fca5-492f-9853-f5b6f3b28334.png', 719, null, 'image/png');
INSERT INTO attachment (id, created_at, created_by, updated_at, updated_by, display_name, name, path, size_in_kb, thumbnail, type) VALUES (90, '2021-02-04 14:39:55.901000', null, '2021-02-04 14:39:55.901000', null, '2059e3af59b29548853910243d82487c.jpg', '384f2d94-6e0a-4ef0-9f3f-46c2a860216a.jpg', 'https://thebucketofkai2020.s3.ap-southeast-1.amazonaws.com/384f2d94-6e0a-4ef0-9f3f-46c2a860216a.jpg', 26, null, 'image/jpeg');
INSERT INTO attachment (id, created_at, created_by, updated_at, updated_by, display_name, name, path, size_in_kb, thumbnail, type) VALUES (91, '2021-02-04 14:39:55.906000', null, '2021-02-04 14:39:55.906000', null, '1608786256969.jpeg', '7d5123b8-726b-420c-b847-889f93f9fd9d.jpeg', 'https://thebucketofkai2020.s3.ap-southeast-1.amazonaws.com/7d5123b8-726b-420c-b847-889f93f9fd9d.jpeg', 94, null, 'image/jpeg');
INSERT INTO attachment (id, created_at, created_by, updated_at, updated_by, display_name, name, path, size_in_kb, thumbnail, type) VALUES (92, '2021-02-04 14:39:55.947000', null, '2021-02-04 14:39:55.947000', null, 'bloganchoi-anh-che-hai-huoc-51.jpg', '7c2a5cec-d0d2-4998-8c29-32a6ce40fcb1.jpg', 'https://thebucketofkai2020.s3.ap-southeast-1.amazonaws.com/7c2a5cec-d0d2-4998-8c29-32a6ce40fcb1.jpg', 18, null, 'image/jpeg');
INSERT INTO attachment (id, created_at, created_by, updated_at, updated_by, display_name, name, path, size_in_kb, thumbnail, type) VALUES (93, '2021-02-04 14:39:55.988000', null, '2021-02-04 14:39:55.988000', null, 'nhamdog.jpeg', '3b939cd9-3768-4b5a-812f-2a7face512d2.jpeg', 'https://thebucketofkai2020.s3.ap-southeast-1.amazonaws.com/3b939cd9-3768-4b5a-812f-2a7face512d2.jpeg', 131, null, 'image/jpeg');
INSERT INTO attachment (id, created_at, created_by, updated_at, updated_by, display_name, name, path, size_in_kb, thumbnail, type) VALUES (94, '2021-02-04 14:39:56.044000', null, '2021-02-04 14:39:56.044000', null, '91D46DEF-6A3F-4F70-A026-C9056217F4F9_1_105_c.jpeg', 'b7b15db2-a2a4-45d3-8485-0c1dac68b592.jpeg', 'https://thebucketofkai2020.s3.ap-southeast-1.amazonaws.com/b7b15db2-a2a4-45d3-8485-0c1dac68b592.jpeg', 385, null, 'image/jpeg');
INSERT INTO attachment (id, created_at, created_by, updated_at, updated_by, display_name, name, path, size_in_kb, thumbnail, type) VALUES (95, '2021-02-04 14:39:55.803000', null, '2021-02-04 14:39:55.803000', null, 'xe.jpg', '3edaa220-15a7-4c7c-bb09-065a98d4134c.jpg', 'https://thebucketofkai2020.s3.ap-southeast-1.amazonaws.com/3edaa220-15a7-4c7c-bb09-065a98d4134c.jpg', 618, null, 'image/jpeg');
INSERT INTO attachment (id, created_at, created_by, updated_at, updated_by, display_name, name, path, size_in_kb, thumbnail, type) VALUES (96, '2021-02-04 14:39:55.795000', null, '2021-02-04 14:39:55.795000', null, 'map.png', '0a93f4e8-fca5-492f-9853-f5b6f3b28334.png', 'https://thebucketofkai2020.s3.ap-southeast-1.amazonaws.com/0a93f4e8-fca5-492f-9853-f5b6f3b28334.png', 719, null, 'image/png');
INSERT INTO attachment (id, created_at, created_by, updated_at, updated_by, display_name, name, path, size_in_kb, thumbnail, type) VALUES (97, '2021-02-04 14:39:55.901000', null, '2021-02-04 14:39:55.901000', null, '2059e3af59b29548853910243d82487c.jpg', '384f2d94-6e0a-4ef0-9f3f-46c2a860216a.jpg', 'https://thebucketofkai2020.s3.ap-southeast-1.amazonaws.com/384f2d94-6e0a-4ef0-9f3f-46c2a860216a.jpg', 26, null, 'image/jpeg');
INSERT INTO attachment (id, created_at, created_by, updated_at, updated_by, display_name, name, path, size_in_kb, thumbnail, type) VALUES (98, '2021-02-04 14:39:55.803000', null, '2021-02-04 14:39:55.803000', null, 'xe.jpg', '3edaa220-15a7-4c7c-bb09-065a98d4134c.jpg', 'https://thebucketofkai2020.s3.ap-southeast-1.amazonaws.com/3edaa220-15a7-4c7c-bb09-065a98d4134c.jpg', 618, null, 'image/jpeg');
INSERT INTO attachment (id, created_at, created_by, updated_at, updated_by, display_name, name, path, size_in_kb, thumbnail, type) VALUES (99, '2021-02-04 14:39:55.803000', null, '2021-02-04 14:39:55.803000', null, 'xe.jpg', '3edaa220-15a7-4c7c-bb09-065a98d4134c.jpg', 'https://thebucketofkai2020.s3.ap-southeast-1.amazonaws.com/3edaa220-15a7-4c7c-bb09-065a98d4134c.jpg', 618, null, 'image/jpeg');
INSERT INTO attachment (id, created_at, created_by, updated_at, updated_by, display_name, name, path, size_in_kb, thumbnail, type) VALUES (100, '2021-02-04 14:39:55.795000', null, '2021-02-04 14:39:55.795000', null, 'map.png', '0a93f4e8-fca5-492f-9853-f5b6f3b28334.png', 'https://thebucketofkai2020.s3.ap-southeast-1.amazonaws.com/0a93f4e8-fca5-492f-9853-f5b6f3b28334.png', 719, null, 'image/png');

-- select setval('attachment_seq', 100, true);